code,parent_code,description,comment,level,cpc2_1_code,cpc2_1_description,mapping_type
agforfi,,"product of agriculture, forestry and fishery",,0,"0","Agriculture, forestry and fishery products","one-to-one"
crop,agforfi,generic crop,,1,"01","Products of agriculture, horticulture and market gardening","many-to-one"
grain,crop,generic grains,,2,"011","Cereals","one-to-one"
wheat,grain,wheat,,3,"0111","Wheat","one-to-one"
wheat_winter,wheat,winter wheat,,4,"0111","Wheat","many-to-one"
wheat_spring,wheat,spring wheat,,4,"0111","Wheat","many-to-one"
barley,grain,barley,,3,"0115","Barley","one-to-one"
oat,grain,oats,,3,"0117","Oats","one-to-one"
maize,grain,maize,,3,"0112","Maize (corn)","one-to_one"
rye,grain,rye,,3,"0116","Rye","one-to_one"
rice,grain,rice,,3,"0113","Rice","one-to_one"
millet,grain,millet,,3,"0118","Millet","one-to_one"
sorghum,grain,sorghum,,3,"0114","Sorghum","one-to_one"
vegetable,crop,vegatables,,2,"012","Vegetables","one-to_one"
bean,vegetable,beans and pulses,,3,"01241","Beans, green","one-to_one"
forage_crop,crop,forage crops,,2,"0191","Forage products","one-to_one"
alfalfa,forage_crop,alfalfa,,3,"01912","Alfalfa for forage and silage","one-to_one"
hay_non-legume,forage_crop,non-legume hay,,3,"01919","Forage products, n.e.c.","many-to_one"
forage_n-fixing,forage_crop,n-fixing forages,,3,"01919","Forage products, n.e.c.","many-to_one"
forage_non-n-fixing,forage_crop,non-n-fixing forages,,3,"01919","Forage products, n.e.c.","many-to_one"
grass_perennial,forage_crop,perennial grasses,,3,"01919","Forage products, n.e.c.","many-to_one"
grass-clover,forage_crop,grass-clover mixtures (grass dominating 2 over 1),,3,"01919","Forage products, n.e.c.","many-to_one"
nut,crop,nuts,,2,"0137","Nuts (excluding wild edible nuts and groundnuts), in shell","one-to_one"
oilseed,crop,oilseeds,,2,"014","Oilseeds and oleaginous fruits","one-to_one"
soybean,oilseed,soybeans,,3,"0141","Soya beans","one-to_one"
peanut,oilseed,peanuts,,3,"0142","Groundnuts, excluding shelled","many-to_one"
starch,crop,crops with high starch content,,2,"015","Edible roots and tubers with high starch or inulin content","one-to_one"
potato,starch,potatoes and tubers,,3,"0151","Potatoes","one-to_one"
animal,agforfi,animal,,1,"02","Live animals and animal products (excluding meat)","one-to_one"
cattle,animal,cattle (not specified),,2,"02111","Cattle","one-to_one"
cattle-dairy,cattle,mature dairy cow,,3,"02111","Cattle","many-to_one"
cattle-other,cattle,other cattle,,3,"02111","Cattle","many-to_one"
cattle-other_mature-fem,cattle-other,mature other cattle female,,4,"02111","Cattle","many-to_one"
cattle-other_mature-fem-grazing,cattle-other_mature-fem,mature other cattle female grazing,,5,"02111","Cattle","many-to_one"
cattle-other_mature-fem-farming,cattle-other_mature-fem,other mature non-dairy cattle females farming,,5,"02111","Cattle","many-to_one"
cattle-other_mature-mal,cattle-other,other mature non-dairy cattle males,,4,"02111","Cattle","many-to_one"
cattle-other_mature-mal-grazing,cattle-other_mature-mal,other mature non-dairy cattle males grazing,,5,"02111","Cattle","many-to_one"
cattle-other_mature-mal-farming,cattle-other_mature-mal,other mature non-dairy cattle males farming,,5,"02111","Cattle","many-to_one"
cattle-other_calve-milk,cattle-other,other non-dairy cattle calve on milk,,4,"02111","Cattle","many-to_one"
cattle-other_calve-forage,cattle-other,other non-dairy cattle calve on forage,,4,"02111","Cattle","many-to_one"
cattle-other_growing,cattle-other,growing cattle,,4,"02111","Cattle","many-to_one"
cattle-other_feedlot,cattle-other,feedlock cattle,,4,"02111","Cattle","many-to_one"
cattle-other_draftbullock,cattle-other,draft bullocks (castrated),,4,"02111","Cattle","many-to_one"
cattle-other_bullgrazing,cattle-other,grazing bulls,,4,"02111","Cattle","many-to_one"
cattle-other_replacement,cattle-other,cattle for replacement,,4,"02111","Cattle","many-to_one"
cattle-dairy_lp,cattle-dairy,mature dairy cow in low productivity systems,,4,"02111","Cattle","many-to_one"
cattle-dairy_hp,cattle-dairy,mature dairy cow in high productivity systems,,4,"02111","Cattle","many-to_one"
cattle-other_lp,cattle-other,other cattle in low productivity systems,,4,"02111","Cattle","many-to_one"
cattle-other_hp,cattle-other,other cattle in high productivity systems,,4,"02111","Cattle","many-to_one"
cattle-other_hp_mature-fem,cattle-other_hp,other mature non-dairy cattle females how in high productivity systems,,5,"02111","Cattle","many-to_one"
cattle-other_hp_mature-fem-grazing,cattle-other_hp_mature-fem,other mature non-dairy cattle females grazing in  high productivity systems,,6,"02111","Cattle","many-to_one"
cattle-other_hp_mature-fem-farming,cattle-other_hp_mature-fem,other mature non-dairy cattle females farming in high productivity systems,,6,"02111","Cattle","many-to_one"
cattle-other_hp_mature-mal,cattle-other_hp,other mature non-dairy cattle males in high productivity systems,,5,"02111","Cattle","many-to_one"
cattle-other_hp_mature-mal-grazing,cattle-other_hp_mature-mal,other mature non-dairy cattle males grazing in high productivity systems,,6,"02111","Cattle","many-to_one"
cattle-other_hp_mature-mal-farming,cattle-other_hp_mature-mal,other mature non-dairy cattle males farming in high productivity systems,,6,"02111","Cattle","many-to_one"
cattle-other_hp_calve-milk,cattle-other_hp,other non-dairy cattle calve on milk in high productivity systems,,5,"02111","Cattle","many-to_one"
cattle-other_hp_calve-forage,cattle-other_hp,other non-dairy cattle calve on forage in high productivity systems,,5,"02111","Cattle","many-to_one"
cattle-other_hp_growing,cattle-other_hp,growing cattle in high productivity systems,,5,"02111","Cattle","many-to_one"
cattle-other_hp_feedlot,cattle-other_hp,feedlock cattle in high productivity systems,,5,"02111","Cattle","many-to_one"
cattle-other_hp_draftbullock,cattle-other_hp,draft bullocks (castrated) in high productivity systems,,5,"02111","Cattle","many-to_one"
cattle-other_hp_bullgrazing,cattle-other_hp,grazing bulls in high productivity systems,,5,"02111","Cattle","many-to_one"
cattle-other_hp_replacement,cattle-other_hp,cattle for replacement in high prodcutivity systems,,5,"02111","Cattle","many-to_one"
cattle-other_lp_mature-fem,cattle-other_lp,other mature non-dairy cattle females in low productivity systems,,5,"02111","Cattle","many-to_one"
cattle-other_lp_mature-fem-grazing,cattle-other_lp_mature-fem,other mature non-dairy cattle females grazing in low productivity systems,,6,"02111","Cattle","many-to_one"
cattle-other_lp_mature-fem-farming,cattle-other_lp_mature-fem,other mature non-dairy cattle females farming in low productivity systems,,6,"02111","Cattle","many-to_one"
cattle-other_lp_mature-mal,cattle-other_lp,other mature non-dairy cattle males in low productivity systems,,5,"02111","Cattle","many-to_one"
cattle-other_lp_mature-mal-grazing,cattle-other_lp_mature-mal,other mature non-dairy cattle males grazing in low productivity systems,,6,"02111","Cattle","many-to_one"
cattle-other_lp_mature-mal-farming,cattle-other_lp_mature-mal,other mature non-dairy cattle males farming in low productivity systems,,6,"02111","Cattle","many-to_one"
cattle-other_lp_calve-milk,cattle-other_lp,other non-dairy cattle calve on milk in low productivity systems,,5,"02111","Cattle","many-to_one"
cattle-other_lp_calve-forage,cattle-other_lp,other non-dairy cattle calve on forage in low productivity systems,,5,"02111","Cattle","many-to_one"
cattle-other_lp_growing,cattle-other_lp,growing cattle in low productivity systems,,5,"02111","Cattle","many-to_one"
cattle-other_lp_feedlot,cattle-other_lp,feedlock cattle in low productivity systems,,5,"02111","Cattle","many-to_one"
cattle-other_lp_draftbullock,cattle-other_lp,draft bullocks (castrated) in low productivity systems,,5,"02111","Cattle","many-to_one"
cattle-other_lp_bullgrazing,cattle-other_lp,grazing bulls in low productivity systems,,5,"02111","Cattle","many-to_one"
cattle-other_lp_replacement,cattle-other_lp,cattle for replacement in low prodcutivity systems,,5,"02111","Cattle","many-to_one"
buffalo,animal,includes breeding and working males and females and growing buffalos,,2,"02112","Buffalo","one-to-one"
buffalo_hp,buffalo,buffalos in high prodcutivity systems,,3,"02112","Buffalo","many-to-one"
buffalo_lp,buffalo,buffalos in low prodcutivity systems,,3,"02112","Buffalo","many-to-one"
buffalo-dairy,bufallo,mature dairy buffallo female,,3,"02112","Buffalo","many-to-one"
buffalo-dairy_lp,buffalo-dairy,mature dairy buffallo female in low prodcutivity systems,,4,"02112","Buffalo","many-to-one"
buffalo-dairy_hp,buffalo-dairy,mature dairy buffallo female in high prodcutivity systems,,4,"02112","Buffalo","many-to-one"
buffalo-nondairy,bufallo,buffalos non-dairy,,3,"02112","Buffalo","many-to-one"
buffalo-nondairy_mature-male,buffalo-nondairy,buffalos non-dairy mature male,,4,"02112","Buffalo","many-to-one"
buffalo-nondairy_male-working,buffalo-nondairy,buffalos non-dairy working male,,4,"02112","Buffalo","many-to-one"
buffalo-nondairy_male-breeding,buffalo-nondairy,buffalos non-dairy breeding male,,4,"02112","Buffalo","many-to-one"
buffalo-nondairy_growing,buffalo-nondairy,buffalos non-dairy growing,,4,"02112","Buffalo","many-to-one"
buffalo-nondairy_calve,buffalo-nondairy,buffalo non-dairy calves,,4,"02112","Buffalo","many-to-one"
swine,animal,swine (not specified),,2,"02140","Swine / pigs","one-to-one"
swine-mature,swine,mature swine,,3,"02140","Swine / pigs","many-to-one"
swine-mature_breeding,swine-mature,mature swine breeding,,4,"02140","Swine / pigs","many-to-one"
swine-mature_lp,swine-mature,mature swine in low productivity system,,4,"02140","Swine / pigs","many-to-one"
swine-mature_hp,swine-mature,mature swine in high productivity system,,4,"02140","Swine / pigs","many-to-one"
swine-mature_lp_breeding,swine-mature_lp,breeding swine (sow) in high productivity system,,5,"02140","Swine / pigs","many-to-one"
swine-mature_hp_breeding,swine-mature_hp,breeding swine (sow) in low productivity system,,5,"02140","Swine / pigs","many-to-one"
swine-growing,swine,growing swine,,3,"02140","Swine / pigs","many-to-one"
swine-growing_hp,swine-growing,growing swine in high productivity system,,4,"02140","Swine / pigs","many-to-one"
swine-growing_lp,swine-growing,growing swine in low productivity system,,4,"02140","Swine / pigs","many-to-one"
swine-growing_hp_4to7kg,swine-growing_hp,growing swine 4 to 7 kg,,5,"02140","Swine / pigs","many-to-one"
swine-growing_hp_7to20kg,swine-growing_hp,growing swine 7 to 20 kg,,5,"02140","Swine / pigs","many-to-one"
swine-growing_hp_20to40kg,swine-growing_hp,growing swine 20 to 40 kg,,5,"02140","Swine / pigs","many-to-one"
swine-growing_hp_40to80kg,swine-growing_hp,growing swine 40 to 80 kg,,5,"02140","Swine / pigs","many-to-one"
swine-growing_hp_80to120kg,swine-growing_hp,growing swine 80 to 120 kg,,5,"02140","Swine / pigs","many-to-one"
swine-growing_hp_market,swine-growing_hp,swine for market (ca 50 kg),,5,"02140","Swine / pigs","many-to-one"
swine-growing_hp_piglet,swine-growing_hp,swine shortly after birth < 4 kg in high prodcutivity systems,,5,"02140","Swine / pigs","many-to-one"
swine-growing_lp_piglet,swine-growing_lp,swine shortly after birth < 4 kg in low prodcutivity systems,,5,"02140","Swine / pigs","many-to-one"
swine-growing_hp_meat,swine-growing_hp,swine growing for meat production,,5,"02140","Swine / pigs","many-to-one"
poultry,animal,poultry (not specified),,2,"0215","Poultry","one-to_one"
poultry_lp,poultry,poultry (not specified) in high productivity systems,,3,"0215","Poultry","many-to_one"
poultry_hp,poultry,poultry (not specified) in low productivity systems,,3,"0215","Poultry","many-to_one"
poultry-chicken,poultry,chicken,,3,"02151","Chickens","one-to-one"
poultry-chicken_hen,poultry-chicken,chicken hen,,4,"02151","Chickens","many-to-one"
poultry-chicken_pullet,poultry-chicken,chicken pullets (young hen under 1 year),,4,"02151","Chickens","many-to-one"
poultry-chicken_broiler,poultry-chicken,chicken for broiler/meat,,4,"02151","Chickens","many-to-one"
poultry-chicken_lp,poultry-chicken,chickens in low productivity systems,,4,"02151","Chickens","many-to-one"
poultry-chicken_hp,poultry-chicken,chickens in high productivity systems,,4,"02151","Chickens","many-to-one"
poultry-chicken_lp_hen,poultry-chicken_lp,hens in low productivity systems,,5,"02151","Chickens","many-to-one"
poultry-chicken_hp_hen,poultry-chicken_hp,hens in high productivity systems,,5,"02151","Chickens","many-to-one"
poultry-chicken_lp_pullet,poultry-chicken_lp,pullets (young hen under 1 year) in low productivity systems,,5,"02151","Chickens","many-to-one"
poultry-chicken_hp_pullet,poultry-chicken_hp,pullets (young hen under 1 year) in high productivity systems,,5,"02151","Chickens","many-to-one"
poultry-chicken_lp_broiler,poultry-chicken_lp,chicken for broiler/meat production in low productivity systems,,5,"02151","Chickens","many-to-one"
poultry-chicken_hp_broiler,poultry-chicken_hp,chicken for broiler/meat production in high prodcutivity systems,,5,"02151","Chickens","many-to-one"
poultry-chicken_layer,poultry-chicken,laying hens,,4,"02151","Chickens","many-to-one"
poultry-chicken_hp_layer,poultry-chicken_hp,laying hens in high productivity systems,,5,"02151","Chickens","many-to-one"
poultry-chicken_lp_layer,poultry-chicken_lp,laying hens in low productivity systems,,5,"02151","Chickens","many-to-one"
poultry-turkey,poultry,turkeys,,3,"02152","Turkeys","one-to-one"
poultry-turkey_hp,poultry-turkey,turkeys in high prodcutivity systems,,4,"02152","Turkeys","many-to-one"
poultry-turkey_lp,poultry-turkey,turkeys in low productivity systems,,4,"02152","Turkeys","many-to-one"
poultry-duck,poultry,ducks,,3,"02154","Ducks","one-to-one"
poultry-duck_hp,poultry-duck,ducks in high prodcutivity systems,,4,"02154","Ducks","many-to-one"
poultry-duck_lp,poultry-duck,ducks in low productivity systems,,4,"02154","Ducks","many-to-one"
poultry-duck_breeding,poultry-duck,breeding ducks,,4,"02154","Ducks","many-to-one"
poultry-duck_meat,poultry-duck,ducks for meat production,,4,"02154","Ducks","many-to-one"
geese,poultry,geese,,2,"02153","Geese","one-to-one"
sheep,animal,sheep (not specified),,2,"02122","Sheep","one-to-one"
sheep-mature,sheep,mature sheep,,3,"02122","Sheep","many-to-one"
sheep-mature_hp,sheep-mature,mature sheep in high productivity system,,4,"02122","Sheep","many-to-one"
sheep-mature_lp,sheep-mature,mature sheep in low productivity system,,4,"02122","Sheep","many-to-one"
sheep-mature_hp_dairy,sheep-mature_hp,sheeps for dairy production in high productivity systems,,5,"02122","Sheep","many-to-one"
sheep-mature_lp_dairy,sheep-mature_lp,sheeps for dairy production in low productivity systems,,5,"02122","Sheep","many-to-one"
sheep-mature_hp_wool,sheep-mature_hp,sheeps for wool production in high productivity systems,,5,"02122","Sheep","many-to-one"
sheep-mature_lp_wool,sheep-mature_lp,sheeps for wool production in low productivity systems,,5,"02122","Sheep","many-to-one"
sheep-growing,sheep,growing sheep,,3,"02122","Sheep","many-to-one"
sheep-growing_hp,sheep-growing,growing sheeps (lambs) in high productivity systems,,4,"02122","Sheep","many-to-one"
sheep-growing_lp,sheep-growing,growing sheeps (lambs) in low productivity systems,,4,"02122","Sheep","many-to-one"
sheep-growing_hp_meat,sheep-growing_hp,sheeps for meat production in high productivity systems,,5,"02122","Sheep","many-to-one"
sheep-growing_lp_meat,sheep-growing_lp,sheeps for meat production in low productivity systems,,5,"02122","Sheep","many-to-one"
sheep-dairy,sheep,sheeps for dairy production,,4,"02122","Sheep","many-to-one"
mule-ass,animal,mules and assess,,2,"0213","Horses and other equines","one-to-many"
mule-ass_hp,mule-ass,mules and assess in high prodcutivity systems,,3,"0213","Horses and other equines","many-to-many"
mule-ass_lp,mule-ass,mules and assess in low prodcutivity systems,,3,"0213","Horses and other equines","many-to-many"
camel,animal,camels,,2,"02121","Camels and camelids","one-to-one"
camel_lp,camael,camels in low prodcutivity systems,,3,"02121","Camels and camelids","many-to-one"
camel_hp,camel,camels in high prodcutivity systems,,3,"02121","Camels and camelids","many-to-one"
horse,animal,horses,,2,"02131","Horses","one-to-one"
horse_lp,horse,horses in low prodcutivity systems,,3,"02131","Horses","many-to-one"
horse_hp,horse,horses in high prodcutivity systems,,3,"02131","Horses","many-to-one"
furbearing_mink,animal,mink and polecat,,2,"02192","Other mammals","many-to-one"
furbearing_fox,animal,fox and racoon,,2,"02192","Other mammals","many-to-one"
goat,animal,goats,,2,"02123","Goats","one-to-one"
goat_hp,goat,goats in high productivity systems,,3,"02123","Goats","many-to-one"
goat_lp,goat,goats in low productivity systems,,3,"02123","Goats","many-to-one"
deer,animal,deers,,2,"02129","Other ruminants, n.e.c.","many-to-one"
rabbit,animal,rabbits,,2,"02192","Other mammals","many-to-one"
ostrich,animal,ostrichs,,2,"02193","Ostrichs and emus","one-to-many"
llama,animal,llamas,,2,"02129","Other ruminants, n.e.c.","many-to-one"
reindeer,animal,reindeers,,2,"02129","Other ruminants, n.e.c.","many-to-one"
crude,,crude products comming from extraction,,0,"1","Ores and minerals; electricity, gas and water","one-to-one"
coal,crude,coal,,1,"110","Coal and peat","one-to-one"
anthracite,coal,anthracite,,2,"11010","Hard coal","many-to-one"
sub_bituminous_coal,coal,sub-bituminous coal,,2,"11010","Hard coal","many-to-one"
coking_coal,coal,coking coal,,2,"11010","Hard coal","many-to-one"
other_bituminous_coal,coal,other bituminous coal,,2,"11010","Hard coal","many-to-one"
bf_inject_coal,coal,bf injection coal,,2,"11010","Hard coal","many-to-one"
steam_coal,coal,steam coal (combustion coal),,2,"11010","Hard coal","many-to-one"
eaf_coal,coal,coal to electric arc furnace (EAF),,2,"11010","Hard coal","many-to-one"
lignite,coal,lignite,,2,"11030","Brown coal","one-to-one"
peat,coal,peat,,2,"11050","Peat","one-to-one"
brown_coal_briquettes,refined,brown coal briquettes,,1,"11040","Brown coal briquettes and similar solid fuels manufactured from brown coal","one-to-one"
patent_fuel,refined,patent fuel,,1,"11020","Patent fuel and similar solid fuels manufactured from hard coal","one-to-one"
oil_gas,crude,oil and gas,,1,"120","Crude petroleum and natural gas","one-to-one"
oil,oil_gas,oil,,2,"12010","Petroleum oils and oils obtained from bituminous minerals, crude","one-to-many"
oil_shale_tar_sands,oil,oil shale and tar sands,,3,"12030","Bituminous or oil shale and tar sands","one-to-one"
orimulsion,oil_shale_tar_sands,orimulsion,,4,"12030","Bituminous or oil shale and tar sands","many-to-one"
shale_oil,oil_shale_tar_sands,shale oil,,4,"12030","Bituminous or oil shale and tar sands","many-to-one"
natural_gas,oil_gas,natural gas and carbon dioxide,,2,"12020","Natural gas, liquefied or in the gaseous state","one-to-one"
natural_gas_liquids,natural_gas,natural gas liquids,,3,"12020","Natural gas, liquefied or in the gaseous state","many-to-one"
lng,natural_gas_liquids,liquefied natural gas,,3,"12020","Natural gas, liquefied or in the gaseous state","many-to-one"
natural_gas_co2,natural_gas,natural gas and carbon dioxide,,3,"12020","Natural gas, liquefied or in the gaseous state","many-to-one"
landfill_gas,natural_gas,landfill gas,,3,"12020","Natural gas, liquefied or in the gaseous state","many-to-one"
metal_ore,crude,metal ores,,1,"14","Matal ores","one-to-one"
iron_ore,metal_ore,iron ore,,2,"141","ron ores and concentrates, other than roasted iron pyrites","one-to-one"
mineral,crude,minerals and fertilizers,,1,"161","Chemical and fertilizer minerals","one-to-one"
calcite,mineral,calcite or aragonite - CaCO3,,2,,"Other minerals n.e.c.","many-to-one"
magnesite,mineral,magnesite - MgCO3,,2,"16390","Other minerals n.e.c.","many-to-one"
dolomite,mineral,dolomite - CaMg(CO3)2,,2,"16330","Chalk and dolomite","one-to-one"
siderite,mineral,siderite - FeCO3,,2,"16330","Other minerals n.e.c.","many-to-one"
ankerite,mineral,ankerite - Ca(Fe-Mg-Mn)(C03)2,,2,"16330","Other minerals n.e.c.","many-to-one"
rhodochrosite,mineral,rhodochrosite - MnCO3,,2,"16330","Other minerals n.e.c.","many-to-one"
sodium-carbonate,mineral,sodium carbonate or soda ash - Na2CO3,,2,"16330","Other minerals n.e.c.","many-to-one"
stone,crude,stone sand and clay,,1,"151","Monumental or building stone","one-to-one"
limestone,stone,limestone,,2,"15200","Gypsum; anhydrite; limestone flux; limestone and other calcareous stone, of a kind used for the manufacture of lime or cement","one-to-one"
prod_gas,crude,producer gases,,1,"172","Coal gas, water gas, producer gas and similar gases, other than petroleum gases and other gaseous hydrocarbons","one-to-one"
sludge_gas,prod_gas,sludge gas,,2,"17200","Coal gas, water gas, producer gas and similar gases, other than petroleum gases and other gaseous hydrocarbons","many-to-one"
other_biogas,prod_gas,other biogas,,2,"17200","Coal gas, water gas, producer gas and similar gases, other than petroleum gases and other gaseous hydrocarbons","many-to-one"
foods,,food products,,0,"2","Food products, beverages and tobacco; textiles, apparel and leather products","one-to-one"
glucose,foods,glucose,,1,"23210","Glucose and glucose syrup; fructose and fructose syrup; lactose and lactose syrup; invert sugar; sugars and sugar syrups n.e.c.; artificial honey; caramel","many-to-one"
water,foods,water,,1,"18000","Natural water","ono-to-one"
fresh_water,water,fresh water,,2,"18000","Natural water","many-to-one"
underground_water,water,ground water,,2,"18000","Natural water","many-to-one"
desalinated_water,water,water,,2,"18000","Natural water","many-to-one"
cooling_water,water,cooling water,,2,"18000","Natural water","many-to-one"
deionised_water,water,deionised water,,2,"18000","Natural water","many-to-one"
tap_water,water,tap water,,2,"18000","Natural water","many-to-one"
steam,water,steam,,2,"17300","Steam and hot water","many-to-one"
refined,,refined products,,0,"33","Coke oven products; refined petroleum products; nuclear fuel","one-to-one"
coke,refined,coke as reducing agent,,1,"331","Coke and semi-coke of coal, of lignite or of peat; retort carbon","one-to-one"
coke_oven_lignite_coke,coke,coke oven coke and lignite coke,,2,"33100","Coke and semi-coke of coal, of lignite or of peat; retort carbon","one-to-many"
prebaked_electrodes,coke,prebaked electrodes as reducing agent,,2,"33100","Coke and semi-coke of coal, of lignite or of peat; retort carbon","one-to-many"
electrode_paste,coke,electrode paste as reducing agent,,2,"33100","Coke and semi-coke of coal, of lignite or of peat; retort carbon","one-to-many"
tar,refined,tar,,1,"33200","Tar distilled from coal, from lignite or from peat, and other mineral tars","one-to-one"
coal_tar,tar,coal tar,,2,"33200","Tar distilled from coal, from lignite or from peat, and other mineral tars","many-to-one"
petro_oil,refined,petroleum oils,,1,"333","Petroleum oils and oils obtained from bituminous materials, other than crude; preparations n.e.c. containing by weight 70% or more of these oils, such oils being the basic constituents of the preparations","one-to-one"
motor_gasoline,petro_oil,motor gasoline,,2,"33311","Motor gasoline","one-to-one"
aviation_gasoline,petro_oil,aviation gasoline,,2,"33312","Aviation gasoline","one-to-one"
jet_gasoline,petro_oil,jet gasoline,,2,"33320","Gasolene-type jet fuel","one-to-one"
naphtha,petro_oil,naphtha,,2,"33330","Naphtha","one-to-one"
light_naphtha,naphtha,naphtha,,3,"33330","Naphtha","many-to-one"
full_range_naphtha,naphtha,naphtha,,3,"33330","Naphtha","many-to-one"
kerosene,petro_oil,kerosene,,2,"3334","Kerosenes","one-to-one"
jet_kerosene,kerosene,jet kerosene,,3,"33342","Kerosene-type jet fuel","one-to-one"
other_kerosene,kerosene,other kerosene,,3,"33349","Other kerosene","one-to-one"
white_spirit_sbp,petro_oil,white spirit and SBP,,2,"33350","White spirit and special boiling point industrial spirits","one-to-one"
light_oil,white_spirit_sbp,light oil,,3,"33350","White spirit and special boiling point industrial spirits","many-to-one"
gas_oil,petro_oil,gas oil,,2,"33360","Gas oil","one-to-one"
gas_diesel_oil,gas_oil,"gas/diesel oil",,3,"33360","Gas oil","many-to-one"
heavy_oil,petro_oil,heavy oil,,2,"33370","Fuel oils n.e.c.","many-to-one"
residual_fuel_oil,petro_oil,residual fuel oil,,2,"33370","Fuel oils n.e.c.","many-to-one"
lubricants,petro_oil,lubricants,,2,"33380","Lubricants","one-to-one"
other_petro_products,petro_oil,other petroleum products,,2,"33390","Other petroleum oils n.e.c.","one-to-one"
fuel_grade_products_and_backflows,other_petro_products,other petroleum products,,3,"33390","Other petroleum oils n.e.c.","many-to-one"
greater_than_430C,other_petro_products,other petroleum products,,3,"33390","Other petroleum oils n.e.c.","many-to-one"
petro_gas,refined,petroleum gases,,1,"334","Petroleum gases and other gaseous hydrocarbons, except natural gas","one-to-one"
liquefied_petroleum_gases,petr_gas,Liquefied Petroleum Gases,,2,"33410","Propane and butanes, liquefied","one-to-one"
propane,liquefied_petroleum_gases,propane,,3,"33410","Propane and butanes, liquefied","many-to-one"
butane,liquefied_petroleum_gases,butane,,3,"33410","Propane and butanes, liquefied","many-to-one"
isobutane,liquefied_petroleum_gases,Isobutane from i-BDH,,4,"33410","Propane and butanes, liquefied",many-to-one
chemical,,chemicals,,0,,,
chemical_organic,chemical,basic organic chemicals,,1,"341","Basic organic chemicals","one-to-one"
cyclohexane,chemical,Cyclohexane,,2,"34110","Hydrocarbons and their halogenated, sulphonated, nitrated or nitrosated derivatives",one-to-one
ethylbenzene,chemical,Ethylbenzene,,2,"34110","Hydrocarbons and their halogenated, sulphonated, nitrated or nitrosated derivatives",one-to-one
vinylchloride,chemical,Vinyl chloride,,2,"34110","Hydrocarbons and their halogenated, sulphonated, nitrated or nitrosated derivatives",one-to-one
biphenyl,chemical,Biphenyl,,2,"34110","Hydrocarbons and their halogenated, sulphonated, nitrated or nitrosated derivatives",many-to-one
styrene,chemical,Styrene,,2,"34110","Hydrocarbons and their halogenated, sulphonated, nitrated or nitrosated derivatives",many-to-one
p-xylene,aromatics,p-Xylene,,6,"34110","Hydrocarbons and their halogenated, sulphonated, nitrated or nitrosated derivatives",many-to-one
pha,chemical,Bisphenol A,,2,"34139","Other alcohols, phenols, phenol-alcohols, and their halogenated, sulphonated, nitrated or nitrosated derivatives; industrial fatty alcohols",one-to-one
ethyleneglycol,chemical,Ethylene glycol,,2,"34139","Other alcohols, phenols, phenol-alcohols, and their halogenated, sulphonated, nitrated or nitrosated derivatives; industrial fatty alcohols",one-to-one
phenol,chemical,Phenol,,2,"34139","Other alcohols, phenols, phenol-alcohols, and their halogenated, sulphonated, nitrated or nitrosated derivatives; industrial fatty alcohols",one-to-one
vinylacetate,chemical,Vinyl acetate,,2,"34139","Other alcohols, phenols, phenol-alcohols, and their halogenated, sulphonated, nitrated or nitrosated derivatives; industrial fatty alcohols",many-to-one
aceticacid,chemical,Acetic acid,,2,"34140","Carboxylic acids and their anhydrides, halides, peroxides and peroxyacids and their halogenated, sulphonated, nitrated or nitrosated derivatives, except salicylic acid and its salts and esters and their salts",many-to-one
adipicacid,chemical,Adipic acid,,2,"34140","Carboxylic acids and their anhydrides, halides, peroxides and peroxyacids and their halogenated, sulphonated, nitrated or nitrosated derivatives, except salicylic acid and its salts and esters and their salts",many-to-one
mma,chemical,Methyl methacrylate,,2,"34140","Carboxylic acids and their anhydrides, halides, peroxides and peroxyacids and their halogenated, sulphonated, nitrated or nitrosated derivatives, except salicylic acid and its salts and esters and their salts",many-to-one
tpa,chemical,Terephthalic acid,,2,"34140","Carboxylic acids and their anhydrides, halides, peroxides and peroxyacids and their halogenated, sulphonated, nitrated or nitrosated derivatives, except salicylic acid and its salts and esters and their salts",many-to-one
adiponitrile,chemical,Adiponitrile,,2,"34150","Amine-function compounds; oxygen-function amino-compounds, except lysine and its esters and salts thereof and glutamic acid and its salts; ureines and their derivatives and salts thereof; carboxyimide-function compounds and imine-compounds; nitrile-function compounds; diazo-, azo- or azoxy-compounds; organic derivatives of hydrazine or of hydroxylamine; compounds with other nitrogen function",many-to-one
hmda,chemical,Hexamethylenediamine,,2,"34150","Amine-function compounds; oxygen-function amino-compounds, except lysine and its esters and salts thereof and glutamic acid and its salts; ureines and their derivatives and salts thereof; carboxyimide-function compounds and imine-compounds; nitrile-function compounds; diazo-, azo- or azoxy-compounds; organic derivatives of hydrazine or of hydroxylamine; compounds with other nitrogen function",many-to-one
cpl,chemical,Caprolactam,,2,"34160",Organo-sulphur compounds and other organo-inorganic compounds; heterocyclic compounds n.e.c.; nucleic acids and their salts,many-to-one
acetone,chemical,Acetone,,2,"34170","Ethers, alcohol peroxides, ether peroxides, epoxides, acetals and hemiacetals, and their halogenated, sulphonated, nitrated or nitrosated derivatives; aldehyde-function compounds; ketone-function compounds and quinone-function compounds; enzymes; prepared enzymes n.e.c.; organic compounds n.e.c.",one-to-one
chemical_inorganic,chemical,basic inorganic chemicals,,1,"342","Basic inorganic chemicals n.e.c.","one-to-one"
nitricacid,chemical,Nitric acid,,2,"34233","Nitric acid, sulphonitric acids",one-to-one
hydrogen,chemical_inorganic,hydrogen,,2,"34210","Hydrogen, nitrogen, oxygen, carbon dioxide and rare gases; inorganic oxygen compounds of nonmetals n.e.c.","many-to-one"
nitrogen,chemical_inorganic,nitrogen,,2,"34210","Hydrogen, nitrogen, oxygen, carbon dioxide and rare gases; inorganic oxygen compounds of nonmetals n.e.c.","many-to-one"
oxygen,chemical_inorganic,oxygen,,2,"34210","Hydrogen, nitrogen, oxygen, carbon dioxide and rare gases; inorganic oxygen compounds of nonmetals n.e.c.","many-to-one"
carbon_dioxide,chemical_inorganic,carbon_dioxide,,2,"34210","Hydrogen, nitrogen, oxygen, carbon dioxide and rare gases; inorganic oxygen compounds of nonmetals n.e.c.","many-to-one"
syngas,chemical_inorganic,synthesis gas,,2,"34210","Hydrogen, nitrogen, oxygen, carbon dioxide and rare gases; inorganic oxygen compounds of nonmetals n.e.c.","many-to-one"
sodium_hydroxide,chemical_inorganic,sodium hydroxide,,2,"34231","Chemical elements n.e.c.; inorganic acids except phosphoric, nitric and sulphonitric; inorganic oxygen compounds of boron, silicon and carbon; halogen or sulphur compounds of non-metals; sodium hydroxide; hydroxide and peroxide of magnesium; oxides, hydroxides and peroxides of strontium or barium; aluminium hydroxide; hydrozine and hydroxylamine and their inorganic salts","many-to-one"
aluminium_chloride,chemical_inorganic,aluminium chloride,,2,"34240","Phosphates of triammonium; salts and peroxysalts of inorganic acids and metals n.e.c.","many-to-one"
sodium_dihydrogen_phosphate,chemical_inorganic,aluminium chloride,,2,"34240","Phosphates of triammonium; salts and peroxysalts of inorganic acids and metals n.e.c.","many-to-one"
hydrogen_cyanide,chemical_inorganic,hydrogen cyanide,,2,"34270","Cyanides, cyanide oxides and complex cyanides; fulminates, cyanates and thiocyanates; silicates; borates; perborates","many-to-one"
carbon_monoxide,chemical_inorganic,carbon monoxide,,2,"34210","Hydrogen, nitrogen, oxygen, carbon dioxide and rare gases; inorganic oxygen compounds of non-metals n.e.c.","many-to-one"
aluminium_oxide,chemical_inorganic,"Aluminium oxide",,2,"34231","Chemical elements n.e.c.; inorganic acids except phosphoric, nitric and sulphonitric; inorganic oxygen compounds of boron, silicon and carbon; halogen or sulphur compounds of nonmetals; sodium hydroxide; hydroxide and peroxide of magnesium; oxides, hydroxides and peroxides of strontium or barium; aluminium hydroxide; hydrozine and hydroxylamine and their inorganic salts","many-to-one"
zinc_oxide,chemical_inorganic,"Zinc oxide",,2,"34220","Zinc oxide; zinc peroxide; chromium oxides and hydroxides; manganese oxides; iron oxides and hydroxides; earth colours; cobalt oxides and hydroxides; titanium oxides; lead oxides; red lead and orange lead; inorganic bases n.e.c.; metal oxides, hydroxides and peroxides n.e.c.,except of mercury","many-to-one"
indium,chemical_inorganic,"Indium",,2,"41602","Tungsten, molybdenum, tantalum, magnesium, cobalt, cadmium, titanium, zirconium, beryllium, gallium, hafnium, indium, niobium, rhenium and thallium, germanium and vanadium, wrought, and articles thereof; powders of magnesium","many-to-one"
cobalt,chemical_inorganic,"Cobalt",,2,"41602","Tungsten, molybdenum, tantalum, magnesium, cobalt, cadmium, titanium, zirconium, beryllium, gallium, hafnium, indium, niobium, rhenium and thallium, germanium and vanadium, wrought, and articles thereof; powders of magnesium","many-to-one"
molybdenum,chemical_inorganic,"Molybdenum",,2,"41602","Tungsten, molybdenum, tantalum, magnesium, cobalt, cadmium, titanium, zirconium, beryllium, gallium, hafnium, indium, niobium, rhenium and thallium, germanium and vanadium, wrought, and articles thereof; powders of magnesium","many-to-one"
trisodium_phosphate,chemical_inorganic,"Trisodium phosphate",,2,"34231","Chemical elements n.e.c.; inorganic acids except phosphoric, nitric and sulphonitric; inorganic oxygen compounds of boron, silicon and carbon; halogen or sulphur compounds of nonmetals; sodium hydroxide; hydroxide and peroxide of magnesium; oxides, hydroxides and peroxides of strontium or barium; aluminium hydroxide; hydrozine and hydroxylamine and their inorganic salts","many-to-one"
copper_oxide,chemical_inorganic,"Copper oxide",,2,"34231","Chemical elements n.e.c.; inorganic acids except phosphoric, nitric and sulphonitric; inorganic oxygen compounds of boron, silicon and carbon; halogen or sulphur compounds of nonmetals; sodium hydroxide; hydroxide and peroxide of magnesium; oxides, hydroxides and peroxides of strontium or barium; aluminium hydroxide; hydrozine and hydroxylamine and their inorganic salts","many-to-one"
chemical_tanning,chemical,tannines and their derivates,,1,"343","Tanning or dyeing extracts; tannins and their derivatives; colouring matter n.e.c..","one-to-one"
carbon_black,chemical_tanning,carbon black feedstock,,2,"34310","Synthetic organic colouring matter and preparations based thereon; synthetic organic products of a kind used as fluorescent brightening agents or as luminophores; colour lakes and preparations based thereon","many-to-one"
chemical_miscellaneous,chemical,miscellaneous basic chemical products,,1,"345","Miscellaneous basic chemical products","one-to-one"
charcoal,chemical_miscellaneous,charcoal,,2,"34510","Wood charcoal","one-to-one"
sulphur,chemical_miscellaneous,sulphur,,2,"34520","Sulphur","one-to-one"
pygas,chemical_miscellaneous,Pygas,,2,"34540","Oils and other products of the distillation of high temperature coal tar, and similar products; pitch and pitch coke, obtained from mineral tars",many-to-one
hpygas,chemical_miscellaneous,Hydrogenated pygas,,2,"34540","Oils and other products of the distillation of high temperature coal tar, and similar products; pitch and pitch coke, obtained from mineral tars",many-to-one
flue_gas,chemical_miscellaneous,Flue gas,,2,"34540","Oils and other products of the distillation of high temperature coal tar, and similar products; pitch and pitch coke, obtained from mineral tars",many-to-one
purge_gas,chemical_miscellaneous,Purge gas,,2,"34540","Oils and other products of the distillation of high temperature coal tar, and similar products; pitch and pitch coke, obtained from mineral tars",many-to-one
exhaust_gas,chemical_miscellaneous,Exhaust gas,,2,"34540","Oils and other products of the distillation of high temperature coal tar, and similar products; pitch and pitch coke, obtained from mineral tars",many-to-one
reformate,chemical,reformate,,2,"34540","Oils and other products of the distillation of high temperature coal tar; similar products in which the weight of the aromatic constituents exceeds that of the non-aromatic constituents,fi_34540,fi_3454,""Oils and other products of the distillation of high temperature coal tar, and similar products; pitch and pitch coke, obtained from mineral tars",many-to-one
acetylene,chemical,Acetylene,,2,34110,"Hydrocarbons and their halogenated, sulphonated, nitrated or nitrosated derivatives",many-to-one
hydrocarbon_mixture,chemical,Hydrocarbon mixture (c_n_h_m),,2,34110,"Hydrocarbons and their halogenated, sulphonated, nitrated or nitrosated derivatives",many-to-one
glycerol,chemical_miscellaneous,glycerol,,2,"34570","Glycerol","one-to-one"
chemical_fertilizer,chemical,fertilizers and pesticides,,1,"346","Fertilizers and pesticides","one-to-one"
ammonia,chemical,Ammonia (anhydrous ammonia),,2,"34651","Ammonia, anhydrous",one-to-one
chemical_plastic,chemical,primary plastics,,1,"347","Plastics in primary forms","one-to-one"
hdpe,chemical,High-density polyethylene (HDPE),,2,34710,"Polymers of ethylene, in primary forms",many-to-one
eps,chemical,Expandable polystyrene (EPS),,2,34710,"Polymers of ethylene, in primary forms",many-to-one
ldpe,chemical,Low-density polyethylene (LDPE),,2,34710,"Polymers of ethylene, in primary forms",many-to-one
gpps,chemical,Polystyrene general purpose (GPSS),,2,34720,"Polymers of styrene, in primary forms",many-to-one
hips,chemical,High impact polystyrene (HIPS),,2,34720,"Polymers of styrene, in primary forms",many-to-one
pvc,chemical,Polyvinyl chloride (PVC),,2,34730,"Polymers of vinyl chloride or other halogenated olefins, in primary forms",many-to-one
pc,chemical,Polycarbonate (PC),,2,34740,"Polyacetals, other polyethers and epoxide resins, in primary forms; polycarbonates, alkyd resins, polyallyl esters and other polyesters, in primary forms",many-to-one
pet,chemical,Polyethylene terephthalate (PET),,2,34740,"Polyacetals, other polyethers and epoxide resins, in primary forms; polycarbonates, alkyd resins, polyallyl esters and other polyesters, in primary forms",many-to-one
pmma,chemical,Polymethyl methacrylate (PMMA),,2,34790,Other plastics in primary forms; ion exchangers,many-to-one
pa6,chemical,Polyamide 6 (Nylon 6) (P6),,2,34790,Other plastics in primary forms; ion exchangers,many-to-one
pa66,chemical,Polyamide 66 (P66),,2,34790,Other plastics in primary forms; ion exchangers,many-to-one
pb,chemical,Polybutylene (PB),,2,34790,Other plastics in primary forms; ion exchangers,many-to-one
pp,chemical,Polypropylene (PP),,2,34790,Other plastics in primary forms; ion exchangers,many-to-one
pu,chemical,Polyurethane (PU),,2,34790,Other plastics in primary forms; ion exchangers,many-to-one
pvac,chemical,Polyvinyl Acetate (PVAc),,2,34790,Other plastics in primary forms; ion exchangers,many-to-one
chemical_rubber,chemical,synthetic rubber,,1,"348","Synthetic rubber and factice derived from oils, and mixtures thereof with natural rubber and similar natural gums, in primary forms or in plates, sheets or strip","one-to-one"
hvc,petro_gas,high valued chemicals,,3,"3342","Ethylene, propylene, butylene, butadiene and other petroleum gases or gaseous hydrocarbons, except natural gas","one-to-one"
ethylene,hvc,ethylene,,4,"33421","Ethylene, propylene, butylene, butadiene","many-to-one"
propylene,hvc,propylene,,4,"33421","Ethylene, propylene, butylene, butadiene","many-to-one"
c4,chemical,C4 fraction (butadien; raffinate-1),,4,"33421","Ethylene, propylene, butylene, butadien",many-to-one
butadiene,petro_gas,butadiene,,2,"33421","Ethylene, propylene, butylene, butadiene","many-to-one"
butylene,petro_gas,butylene,,2,"33421","Ethylene, propylene, butylene, butadiene","many-to-one"
ethylene_dichloride,petro_gas,ethylene dichloride,,2,"33421","Ethylene, propylene, butylene, butadiene","many-to-one"
ethylene_glycol,petro_gas,ethylene glycol,,2,"33421","Ethylene, propylene, butylene, butadiene","many-to-one"
ethylene_oxide,petro_gas,ethylene oxide,,2,"33421","Ethylene, propylene, butylene, butadiene","many-to-one"
otherchemical,chemical,other chemical products,,1,"354","Chemical products n.e.c.","one-to-one"
biogasoline,otherchemical,biogasoline,,2,"35491","Biodiesel","many-to-one"
biodiesels,otherchemical,biodiesels,,2,"35491","Biodiesel","many-to-one"
fuel_grade_products_and_backflows,otherchemical,acrylonitrile,,2,"35499","Other chemical products n.e.c","many-to-one"
acrylonitrile,otherchemical,acrylonitrile,,2,"35499","Other chemical products n.e.c","many-to-one"
acetonitrile,otherchemical,acetonitrile,,2,"35499","Other chemical products n.e.c","many-to-one"
ammonia_sulphate,otherchemical,ammonia sulphate,,2,"35499","Other chemical products n.e.c","many-to-one"
methanol,otherchemical,methanol,,2,"35499","Other chemical products n.e.c","many-to-one"
vinyl_chloride_monomer,otherchemical,vinyl chloride monomer,,2,"35499","Other chemical products n.e.c","many-to-one"
other_liquid_biofuels,otherchemical,other liquid biofuels,,2,"35499","Other chemical products n.e.c.","many-to-one"
c5_c6,otherchemical,C5 and C6 group of chemicals,,2,"35499","Other chemical products n.e.c","many-to-one"
aromatics,hvc,aromatics,,4,"35499","Other chemical products n.e.c","many-to-one"
benzene,aromatics,benzene,,5,"35499","Other chemical products n.e.c","many-to-one"
toulene,aromatics,toulene,,5,"35499","Other chemical products n.e.c","many-to-one"
xylene,aromatics,xylene,,5,"35499","Other chemical products n.e.c","many-to-one"
c7_plus_non_aromatics,otherchemical,acrylonitrile,,2,"35499","Other chemical products n.e.c","many-to-one"
losses,otherchemical,"losses due to spills, leaks, or equipment malfunctions",,2,"35499","Other chemical products n.e.c","many-to-one"
ethyl_alcohol,otherchemical,ethyl alcohol or ethanol,,2,"35499","Other chemical products n.e.c","many-to-one"
ethane,petro_gas,ethane,,2,"33429","Other petroleum gases or gaseous hydrocarbons, except natural gas","many-to-one"
ethane_propane_after_recycle,petro_gas,ethane and propane after recycling,,2,"33429","Other petroleum gases or gaseous hydrocarbons, except natural gas","many-to-one"
pyrolysis_gasoline,petro_gas,pyrolysis gasoline,,2,"33429","Other petroleum gases or gaseous hydrocarbons, except natural gas","many-to-one"
lpg,petro_gas,liquefied petroluem gas (LPG),,2,"33429","Other petroleum gases or gaseous hydrocarbons, except natural gas","many-to-one"
gas_coke,petro_gas,gas coke,,2,"33429","Other petroleum gases or gaseous hydrocarbons, except natural gas","many-to-one"
gas_works_gas,petro_gas,gas works gas,,2,"33429","Other petroleum gases or gaseous hydrocarbons, except natural gas","many-to-one"
coke_oven_gas,petro_gas,coke oven gas,,2,"33429","Other petroleum gases or gaseous hydrocarbons, except natural gas","many-to-one"
blast_furnace_gas,petro_gas,blast furnace gas,,2,"33429","Other petroleum gases or gaseous hydrocarbons, except natural gas","many-to-one"
oxygen_steel_furnace_gas,petro_gas,oxygen steel furnace gas,,2,"33429","Other petroleum gases or gaseous hydrocarbons, except natural gas","many-to-one"
refinery_gas,petro_gas,refinery gas,,2,"33429","Other petroleum gases or gaseous hydrocarbons, except natural gas","many-to-one"
methane,petro_gas,methane,,2,"33429","Other petroleum gases or gaseous hydrocarbons, except natural gas","many-to-one"
petro_jelly,refined,petroleum jelly,,1,"335","Petroleum jelly; paraffin wax, micro-crystalline petroleum wax, slack wax, ozokerite, lignite wax, peat wax, other mineral waxes, and similar products; petroleum coke, petroleum bitumen and other residues of petroleum oils or of oils obtained from bituminous materials","one-to-one"
bitumen,petro_jelly,bitumen,,2,"33500","Petroleum jelly; paraffin wax, micro- crystalline petroleum wax, slack wax, ozokerite, lignite wax, peat wax, other mineral waxes, and similar products; petroleum coke, petroleum bitumen and other residues of petroleum oils or of oils obtained from bituminous material","many-to-one"
paraffin_waxes,petro_jelly,paraffin waxes,,2,"33500","Petroleum jelly; paraffin wax, micro- crystalline petroleum wax, slack wax, ozokerite, lignite wax, peat wax, other mineral waxes, and similar products; petroleum coke, petroleum bitumen and other residues of petroleum oils or of oils obtained from bituminous materials","many-to-one"
petroleum_coke,petro_jelly,petroleum coke as reducing agent,,2,"33500","Petroleum jelly; paraffin wax, micro- crystalline petroleum wax, slack wax, ozokerite, lignite wax, peat wax, other mineral waxes, and similar products; petroleum coke, petroleum bitumen and other residues of petroleum oils or of oils obtained from bituminous materials","many-to-one"
reformate,petro_jelly,petroleum coke as reducing agent,,2,"33500","Petroleum jelly; paraffin wax, micro- crystalline petroleum wax, slack wax, ozokerite, lignite wax, peat wax, other mineral waxes, and similar products; petroleum coke, petroleum bitumen and other residues of petroleum oils or of oils obtained from bituminous materials","many-to-one"
material,,materials and constructions,,0,"37","Glass and glass products and other non-metallic products n.e.c.","one-to-one"
plaster_lime_cement,material,plaster lime and cement,,1,"374","Plaster, lime and cement","one-to-one"
cement,material,cement,,2,"37440","Portland cement, aluminous cement, slag cement and similar hydraulic cements, except in the form of clinkers","many-to-one"
portland,cement,"100 percent portland cement - 95-97 percent clinker",,3,"37440","Portland cement, aluminous cement, slag cement and similar hydraulic cements, except in the form of clinkers","many-to-one"
masonry,cement,"66.66 percent portland cement - 64 percent clinker",,3,"37440","Portland cement, aluminous cement, slag cement and similar hydraulic cements, except in the form of clinkers","many-to-one"
slagmod-portland,cement,"slag-modified portland - <25 perecent pc - >70-93 percent clinker",,3,"37440","Portland cement, aluminous cement, slag cement and similar hydraulic cements, except in the form of clinkers","many-to-one"
portland-bf-slag,cement,"<25 percent slag - 28-70 percent clinker",,3,"37440","Portland cement, aluminous cement, slag cement and similar hydraulic cements, except in the form of clinkers","many-to-one"
portland-pozzolan,cement,"15-40 percent pozzolan - 28-81 percent clinker",,3,"37440","Portland cement, aluminous cement, slag cement and similar hydraulic cements, except in the form of clinkers","many-to-one"
pozzolan-mod,cement,"<15 percent pozzolan - 28-95 percent clinker",,3,"37440","Portland cement, aluminous cement, slag cement and similar hydraulic cements, except in the form of clinkers","many-to-one"
slag-cement,cement,"70 percent slag - <28 percent clinker",,3,"37440","Portland cement, aluminous cement, slag cement and similar hydraulic cements, except in the form of clinkers","many-to-one"
waste,,waste product,,0,"39","Wastes or scraps","one-to-one"
msw,waste,municipal waste,,1,"39910","Municipal waste","one-to-one"
msw_biomass,msw,municipal wastes (biomass fraction),,2,"39910","Municipal waste","many-to-one"
msw_food,msw_biomass,food waste (municipal solid waste),,3,"39910","Municipal waste","many-to-one"
msw_garden,msw_biomass,garden and park waste (municipal solid waste),,3,"39910","Municipal waste","many-to-one"
msw_paper,msw_biomass,paper and cardboard waste (municipal solid waste),,3,"39910","Municipal waste","many-to-one"
msw_wood,msw_biomass,wood waste (municipal solid waste),,3,"39910","Municipal waste","many-to-one"
msw_nonbiomass,msw,municipal wastes (non-biomass fraction),,2,"39910","Municipal waste","many-to-one"
msw_textiles,msw_nonbiomass,textiles waste (municipal solid waste),,3,"39910","Municipal waste","many-to-one"
msw_nappies,msw_nonbiomass,nappies waste (municipal solid waste),,3,"39910","Municipal waste","many-to-one"
msw_rubber,msw_nonbiomass,rubber and lather waste (municipal solid waste),,3,"39910","Municipal waste","many-to-one"
msw_plastics,msw_nonbiomass,plastics waste (municipal solid waste),,3,"39910","Municipal waste","many-to-one"
msw_metal,msw_nonbiomass,metal waste (municipal solid waste),,3,"39910","Municipal waste","many-to-one"
msw_glass,msw_nonbiomass,glass waste (municipal solid waste),,3,"39910","Municipal waste","many-to-one"
msw_other,msw_nonbiomass,other inert waste (municipal solid waste),,3,"39910","Municipal waste","many-to-one"
isw,,industrial waste,,1,"39","Wastes or scraps","one-to-many"
slag,,slag,,0,"393","Metal wastes or scraps","one-to-one"
slag_iron_steel,slag,"Slag, dross, scalings and other waste from the manufacture of iron or steel",,1,"393","Metal wastes or scraps","many-to-one"
isw_food,isw,"Food, beverages and tobacco (industry waste)",,2,"391","Wastes from food and tobacco industry","one-to-one"
sugarcane_bagasse,isw_food,sugarcane bagasse,,3,"39141","Bagasse","one-to_one"
agricultural_residues,waste,"agricultural residues (straw, husks, etc.)",,1,"391","Wastes from food and tobacco industry","one-to-one"
straw,agricultural_residues,rice straw,,2,"391","Wastes from food and tobacco industry","one-to-one"
rice_straw,straw,rice straw,,3,"391","Wastes from food and tobacco industry","one-to-one"
isw_textile,isw,Textile (industry waste),,2,"392","Non-metal wastes or scraps","one-to-many"
isw_wood,isw,Wood and wood products (industry waste),,2,"3928","Sawdust and wood waste and scrap","one-to-one"
isw_paper,isw,Pulp and paper (industry waste),,2,"39","Wastes or scraps","one-to-many"
black_liquor,isw_paper,sulphite lyes (black liquor),,1,"39950","Wastes from chemical or allied industries","many-to-one"
isw_petroleum,isw,"Petroleum products, Solvents, Plastics (industry waste)",,2,"39950","Wastes from chemical or allied industries","one-to-one"
isw_rubber,isw,Rubber (industry waste),,2,"392","Non-metal wastes or scraps","many-to-many"
isw_construction,isw,Construction and demolition (industry waste),,2,"39","Wastes and scraps","many-to-many"
isw_metal,isw,Metal waste,,2,"393","Metal wastes or scrap","one-to-one"
steel_scrap,isw_metal,steel scrap,,3,"39350","Remelting scrap ingots of iron or steel","one-to-one"
gangue,isw_metal,gangue,,3,"393","Metal wastes or scraps","one-to-many"
isw_other,isw,Other industries also for manufacturing (industry waste),,2,"393","Metal wastes or scraps","many-to-many"
ow_hazard,waste,Hazardous waste (other waste),,1,"399","Other wastes and scraps","one-to-many"
ow_clinical,waste,Clinical waste (other waste),,1,"3993","Clinical waste, including pharmaceutical waste","one-to-one"
spent_catalyst,isw_other,spent catalyst,,2,"393","Other industries also for manufacturing (industry waste)","many-to-one"
slag,waste,slag,,1,"39","Wastes or scraps","one-to-many"
ash,waste,ash,,1,"39","Wastes or scraps","one-to-many"
effluents,waste,effluents,,1,"39","Wastes or scraps","one-to-many"
radioaw,waste,radioactive waste,,1,"39","Wastes or scraps","one-to-many"
low_radioaw,radioaw,low level radioactive waste,,2,"39","Wastes or scraps","one-to-many"
mod_radioaw,radioaw,moderate level radioactive waste,,2,"39","Wastes or scraps","one-to-many"
high_radioaw,radioaw,high level radioactive waste,,2,"39","Wastes or scraps","one-to-many"
sludge,waste,sludge,,1,"39920","Sewage sludge","one-to-one"
sw_sludge,sludge,solid waste sludge,,2,"39920","Sewage sludge","many-to-one"
sludge_dom,sludge,domestic sludge waste,,2,"39920","Sewage sludge","many-to-one"
sludge_ind,sludge,industrial sludge waste,,2,"39920","Sewage sludge","many-to-one"
wastewater,,wastewater,,0,"39990","Other wastes n.e.c.","many-to-one"
deionized_water,wastewater,deionized water,,1,"39990","Other wastes n.e.c.","many-to-one"
dissolved_solids,wastewater,dissolved solids,,1,"39990","Other wastes n.e.c.","many-to-one"
ww_domestic,wastemater,domestic wastewater,,1,"39990","Other wastes n.e.c.","many-to-one"
ww_industry,wastemater,industrial wastewater,,1,"39990","Other wastes n.e.c.","many-to-one"
ww_alcref,ww_industry,industrial wastewater alcohol refining,,2,"39990","Other wastes n.e.c.","many-to-one"
ww_beer,ww_industry,industrial wastewater beer and malt,,2,"39990","Other wastes n.e.c.","many-to-one"
ww_coffee,ww_industry,industrial wastewater coffee production,,2,"39990","Other wastes n.e.c.","many-to-one"
ww_dairy,ww_industry,industrial wastewater dairy products,,2,"39990","Other wastes n.e.c.","many-to-one"
ww_fish,ww_industry,industrial wastewater fish processing,,2,"39990","Other wastes n.e.c.","many-to-one"
ww_meat,ww_industry,industrial wastewater meat and poultry,,2,"39990","Other wastes n.e.c.","many-to-one"
ww_orgchem,ww_industry,industrial wastewater organic chemicals,,2,"39990","Other wastes n.e.c.","many-to-one"
ww_petref,ww_industry,industrial wastewater petroleum refineries,,2,"39990","Other wastes n.e.c.","many-to-one"
ww_plastics,ww_industry,industrial wastewater plastics and resins,,2,"39990","Other wastes n.e.c.","many-to-one"
ww_pulp,ww_industry,industrial wastewater pulp and paper (combined),,2,"39990","Other wastes n.e.c.","many-to-one"
ww_soap,ww_industry,industrial wastewater soap and detergents,,2,"39990","Other wastes n.e.c.","many-to-one"
ww_starch,ww_industry,industrial wastewater starch production,,2,"39990","Other wastes n.e.c.","many-to-one"
ww_sugar,ww_industry,industrial wastewater sugar refining,,2,"39990","Other wastes n.e.c.","many-to-one"
ww_vegoils,ww_industry,industrial wastewater vegetable oils,,2,"39990","Other wastes n.e.c.","many-to-one"
ww_fruits,ww_industry,"industrial wastewater vegetables, fruits and juices",,2,"39990","Other wastes n.e.c.","many-to-one"
ww_wine,ww_industry,industrial wastewater wine and vinegar,,2,"39990","Other wastes n.e.c.","many-to-one"
ww_iron,ww_industry,industrial wastewater iron and steel manufacturing,,2,"39990","Other wastes n.e.c.","many-to-one"
ww_nfertil,ww_industry,industrial wastewater nitrogen fertiliser,,2,"39990","Other wastes n.e.c.","many-to-one"
metal,,metal product,,0,"41","Basic metals","one-to-one"
iron_steel,metal,iron and steel,,1,"411","Basic iron and steel","one-to-one"
hot_briquetted_iron,iron_steel,hot briquetted iron,,2,"41111","Pig iron and spiegeleisen in pigs, blocks or other primary forms","many-to-one"
pig_iron,iron_steel,purchased pig iron,,2,"41111","Pig iron and spiegeleisen in pigs, blocks or other primary forms","many-to-one"
scrap_iron,isw_metal,iron based on scrap,,1,"41111","Pig iron and spiegeleisen in pigs, blocks or other primary forms","many-to-one"
sinter_ore,isw_metal,sinter ore used for iron steel production,,1,"41111","Pig iron and spiegeleisen in pigs, blocks or other primary forms","many-to-one"
ferromanganese_7perc_c,iron_steel,Ferromanganeses (7% C),,2,"41112","Ferro-manganese","many-to-one"
ferromanganese_1perc_c,iron_steel,Ferromanganeses (1% C),,2,"41112","Ferro-manganese","many-to-one"
siliconmanganese,iron_steel,Silicomanganese,,2,"41112","Ferro-manganese","many-to-one"
ferrochromium,iron_steel,Ferrochromium,,2,"41113","Ferro-chromium","one-to-one"
ferrosilicon_45perc_si,iron_steel,Ferrosilicon 45% Si,,2,"41115","Other ferro-alloys","many-to-one"
ferrosilicon_65perc_si,iron_steel,Ferrosilicon 65 % Si,,2,"41115","Other ferro-alloys","many-to-one"
ferrosilicon_75perc_si,iron_steel,Ferrosillicon 75% Si,,2,"41115","Other ferro-alloys","many-to-one"
ferrosilicon_90perc_si,iron_steel,Ferrosillicon 90% Si,,2,"41115","Other ferro-alloys","many-to-one"
silicon_metal,iron_steel,Silicon metal,,2,"41115","Other ferro-alloys","many-to-one"
dri,iron_steel,direct reduced iron (gas-based),,2,"41116","Ferrous products obtained by direct reduction of iron ore and other spongy ferrous products, in lumps, pellets or similar forms; iron having a minimum purity by weight of 99.94%, in lumps, pellets or similar forms","many-to-one"
dri_gas,dri,direct reduced iron (gas-based),,3,"41116","Ferrous products obtained by direct reduction of iron ore and other spongy ferrous products, in lumps, pellets or similar forms; iron having a minimum purity by weight of 99.94%, in lumps, pellets or similar forms","many-to-one"
dri_coal,dri,direct reduced coal (coal-based),,3,"41116","Ferrous products obtained by direct reduction of iron ore and other spongy ferrous products, in lumps, pellets or similar forms; iron having a minimum purity by weight of 99.94%, in lumps, pellets or similar forms","many-to-one"
ironpellet,dri,direct reduced coal (coal-based),,3,"41116","Ferrous products obtained by direct reduction of iron ore and other spongy ferrous products, in lumps, pellets or similar forms; iron having a minimum purity by weight of 99.94%, in lumps, pellets or similar forms","many-to-one"
steel,iron_steel,steel,,2,"41122","Alloy steel in ingots or other primary forms and semi-finished products of alloy steel","one-to-one"
aluminium,metal,aluminium,,1,"4143","Aluminium, unwrought; alumina","one-to-one"
magnesium,metal,magnesium,,1,"4160","Other non-ferrous metals and articles thereof (including waste and scrap of some metals); cermets and articles thereof","many-to-one"
lead,metal,lead,,1,"41441","Lead, unwrought","one-to-one"
zinc,metal,lead,,1,"41442","Zinc, unwrought","one-to-one"
nickel,metal,lead,,1,"41422","Nickel, unwrought","one-to-one"
electrical_machinery,,electrical machinery,,0,"46","Electrical machinery and apparatus","one-to-one"
eaf_carb_electrode,electrical_machinery,carbon electrodes to electric arc furnace (EAF),,1,"46950","Carbon electrodes, carbon brushes, lamp carbons, battery carbons and other articles of graphite or other carbon of a kind used for electrical purposes","one-to-many"
biomass,agforfi,biomass,,1,"01","Products of agriculture, horticulture and market gardening","many-to-one"
dry_biomass,biomass,dry biomass,,2,"01","Products of agriculture, horticulture and market gardening","many-to-one"
wet_biomass,biomass,wet biomass,,2,"01","Products of agriculture, horticulture and market gardening","many-to-one"
gasified_biomass,biomass,gasified biomass products,,2,"17200","Coal gas, water gas, producer gas and similar gases, other than petroleum gases and other gaseous hydrocarbons","many-to-one"
forest_residues,biomass,forestry residues,,2,,,
lipid_rich_biomass,biomass,lipid-rich biomass,,2,,,
carbonaceous_biomass,biomass,carbonaceous biomass,,2,,,
other_prim_solid_biomass,biomass,other primary solid biomass,,2,,,
to_be_changed,,,,0,,,
cb_natural_gas,to_be_changed,carbon black and natural gas,,1,,,
undefined,to_be_changed,can be chosen if no data is available - default for tier 3 (emissions from carbon-bearing non-fule materials are set to 0),,1,,,
refinery_feedstocks,to_be_changed,refinery feedstocks,,1,,,
