1000 w temple st file 57130 ground lvl los angeles ca 90012
100 alabama avenue nw  ft  payne al 35967
"100 diamond street san francisco, ca, 941142414 san francisco 100 diamond street ca 941142414"
100 route 37 e  toms river nj 08753
"100 whitney young circle san francisco, ca, 941242458 san francisco 100 whitney young circle ca 941242458"
"1010 mission street san francisco, ca, 94103 san francisco 1010 mission street ca 94103"
"1011 line street, suite 10 hollister, ca, 95023 hollister 1011 line street suite 10 ca 95023"
10120 yonge st unit 4  richmond hill on l4c 1t8
"1012 cathy drive altamonte springs, fl 32714-7216 altamonte springs fl 32714-7216"
"1015 adam street saint helena, ca, 94574 saint helena 1015 adam street ca 94574"
"101 corporate place, suite a vallejo, ca, 94590 vallejo 101 corporate place suite a ca 94590"
101 e market st unit 17771 ca long beach 90807-9191
101 e market st unit 17771 long beach ca 90807-9191
"101 golf course drive, suite a230 rohnert park, ca, 94928 rohnert park 101 golf course drive suite a230 ca 94928"
"101 west street vacaville, ca, 95688 vacaville 101 west street ca 95688"
"10212 stovall pl. n.e. albuquerque, nm 87112 albuquerque  nm 87112"
"1024 mission road south san francisco, ca, 94080 san francisco 1024 mission road south ca 94080"
1024 randolph 1 n  oak park il 60302
"1025 corcoran avenue, room 62 vallejo, ca, 94589 vallejo 1025 corcoran avenue room 62 ca 94589"
"1025 howard street san francisco, ca, 94103 san francisco 1025 howard street ca 94103"
"102 indian lane #9502 ellijay, ellijay ga 30540"
"1048 el camino real, suite b redwood city, ca, 94063 redwood city 1048 el camino real suite b ca 94063"
104 n jefferson rr 1 box 3468 ava mo 65608
104 s walnut rr 1 box 297 monee il 60449
10502 shadow ridge ln apt 103  louisville ky
"1050 north texas street fairfield, ca, 94533 fairfield 1050 north texas street ca 94533"
"1051 bing street san carlos, ca, 94070 san carlos 1051 bing street ca 94070"
"105 south second street dixon, ca, 95620 dixon 105 south second street ca 95620"
10600 trademark pkwy n rancho cucamonga ca 91730
"1060 howard street san francisco, ca, 94103 san francisco 1060 howard street ca 94103"
10635 greentrail dr s boynton beach fl 33436-4919
"1080 emeline avenue santa cruz, ca, 95060 santa cruz 1080 emeline avenue ca 95060"
10905 spruce dr n  la porte tx 77571
10929 rd 32 north bldg 760 sidney ne 69162
"1093 sydney road, coburg north  melbourne  3058"
109 davison place  kingdley qld 2060
109 paradose harbour bvd.  apt. 305 north palm beach fl 33408
"10 angwin avenue angwin, ca, 94508 angwin 10 angwin avenue ca 94508"
10 birchwood park dr s cherry hill nj 08003-1128
10 brookman street  321dbq nsw hoppers 0cossing
"10 independence blvd warren, nj, 07059 warren 10 independence blvd nj 07059"
"10 north san pedro road  san rafael, ca, 94903 san rafael 10 north san pedro road ca 94903"
"10 n san pedro road, suite 1009 san rafael, ca, 94903 san rafael 10 n san pedro road suite 1009 ca 94903"
11000 north mopac expwy bldg 300  austin tx 78759
"1100 e street san rafael, ca, 94901 san rafael 1100 e street ca 94901"
1100 n dearborn #403 rm 306 chicago il 60610
"1101 e tabor avenue fairfield, ca, 94533 fairfield 1101 e tabor avenue ca 94533"
"1101 e. tabor fairfield, ca, 945338011 fairfield 1101 e. tabor ca 945338011"
"1101 masonic avenue san francisco, ca, 94117 san francisco 1101 masonic avenue ca 94117"
"1102 alamo drive vacaville, ca, 95687 vacaville 1102 alamo drive ca 95687"
"1105 a airport road rio vista, ca, 94571 rio vista 1105 a airport road ca 94571"
11085 gravois industrial  st louis mo 63128
110 gascoyne circuit wyoming wangi wangi nsw 4621
1110 n stonewall ave rm 139/accts rcvbl oklahoma city ok 73117
"1111 broadway, suite 1200 oakland, ca, 946074052 oakland 1111 broadway suite 1200 ca 946074052"
"1111 las gallinas avenue san rafael, ca, 94913 san rafael 1111 las gallinas avenue ca 94913"
"1111 san felipe road, ste 108 hollister, ca, 95023 hollister 1111 san felipe road ste 108 ca 95023"
"1111 san felipe road, suite 206 hollister, ca, 95023 hollister 1111 san felipe road suite 206 ca 95023"
"1115 seminary street napa, ca, 94559 napa 1115 seminary street ca 94559"
"1119 pacific avenue, suite 200 santa cruz, ca, 95060 santa cruz 1119 pacific avenue suite 200 ca 95060"
111 jerilderie court goolwa cottage burleigh waters vic 2153
"111 myrtle street, suite 102 oakland, ca, 94607 oakland 111 myrtle street suite 102 ca 94607"
"111 new montgomery street, 7th floor san francisco, ca, 94105 san francisco 111 new montgomery street 7th floor ca 94105"
"111 railroad avenue watsonville, ca, 95076 watsonville 111 railroad avenue ca 95076"
"1120 15th street, af 1025  augusta ga 30912"
1120 w 175th st  east hazel crest il 60429
11211 prosperity farms rd suite d 325 palm beach gardens fl 33410
1121 country club dr  north palm beach fl  33408-371
"1121 whitney avenue vallejo, ca, 94589 vallejo 1121 whitney avenue ca 94589"
1122 2nd st n saint petersburg fl 33701-1710
11223 40th st. n.  royal palm beach fl 33411
"1130 roland heights avenue baltimore, md 21211-1240 baltimore md 21211-1240"
1131 k 0 w 8th st  willow springs il 60480
"1133 san felipe road hollister, ca, 95023 hollister 1133 san felipe road ca 95023"
1135 kane concourse  floor 5 bay harbor island fl 33154
"1135 railroad ave hewlett, new york hewlett ny 11557"
11380 prosperity farms rd #221 palm beach gardens fl 33410-3465
1138 banyan estates dr.  north palm beach  fl 33408
11408 otter creek south blvd  mabelvale ar 72103
11408 otter creek south rd  mabelvale ar 72103
"11421 south kingman avenue yuma, az 85365-6869 yuma az 85365-6869"
"11431 highway 1, suite 20 point reyes station, ca, 94956 point reyes station 11431 highway 1 suite 20 ca 94956"
"1153 chess drive, suite 200 foster city, ca, 94404 foster city 1153 chess drive suite 200 ca 94404"
1155 ne 183rd st north miami beach fl 33179-4611
1155 reliable parkway client code 28502 chicago il 60686
"1156 valencia street san francisco, ca, 94110 san francisco 1156 valencia street ca 94110"
1159 iowa ave ste e ste. d riverside ca 92507
"115-a coral street santa cruz, ca, 95060 santa cruz 115-a coral street ca 95060"
"1160 south alfred street los angeles, ca 90035 los angeles ca 90035"
"117 union street santa cruz, ca, 95060 santa cruz 117 union street ca 95060"
11830 westline industrial  st louis mo 63146
1191 n. federal highway  delray beach fl 33483
11 grimmett close  hawthorn nsw 2043
11 harbour dr s ocean ridge fl 33435-6213
"1200 missouri street fairfield, ca, 94533 fairfield 1200 missouri street ca 94533"
"b""1200 o'brien drive menlo park, ca, 94025 menlo park 1200 o'brien drive ca 94025"""
"120 north redwood drive san rafael, ca, 94903 san rafael 120 north redwood drive ca 94903"
"121 golden gate avenue san francisco, ca, 94102 san francisco 121 golden gate avenue ca 94102"
"121 sycamore street, suite 100  santa cruz, ca, 95060 santa cruz 121 sycamore street suite 100 ca 95060"
"1220 n street sacramento, ca, 95814 sacramento 1220 n street ca 95814"
"1225 tuolumne street vallejo, ca, 94590 vallejo 1225 tuolumne street ca 94590"
12324 e 86th st n # 315 owasso ok 74055-2543
12324 e 86th st n #325 owasso ok 74055-2543
"1235 mission street san francisco, ca, 94120 san francisco 1235 mission street ca 94120"
12365 w. dixie hwy  north miami beach fl 33161
1236 main st east  milton on l9t 8m7
"1242 commerce ave ste d 1242 commerce ave  woodland, ca 95776"
1243 denning place  noblepark north vic 3954
12477 seminole blvd.  north pallm beach fl 33408
"1248 hayes street napa, ca, 94558 napa 1248 hayes street ca 94558"
124 lakeshore drive #403 north palm beach fl 33408
124 lakeshore dr.  north palm beach fl 33408
125 e merritt island cswy # 107341 merritt island fl 32952-3699
125 e merritt island cswy # 209153 merritt island fl 32952-3699
"125 hyde street san francisco, ca, 94102 san francisco 125 hyde street ca 94102"
125 s state road 7 ste 104 wellington fl 33414-4386
1260 arrow highway blg e upland ca 91786-0000
12645 fredrick street 1-5 344 moreno valley ca 92553-0000
"1265 mission road south san francisco, ca, 94080 san francisco 1265 mission road south ca 94080"
126 mccormack street lana cottage waroona nsw 2450
"1270 e. main street barstow, ca. barstow ca 92311"
"12720 wentworth street arleta, ca. arleta ca 91331"
1275 cromwell ave  rocky hill ct
1281 blue heron blvd. east   riviera beach fl 33404
"1286 fillmore street san francisco, ca, 94115 san francisco 1286 fillmore street ca 94115"
"1290 market street, suite 210 san francisco, ca, 94102 san francisco 1290 market street suite 210 ca 94102"
12 summers place anzcor office modbury nsw 4370
1301 bertha howe ave #6 attn desert valley ent mesquite nv 89027
"13021 nw 1 st apt #109 pembroke pines fl, 33028"
1315 hausman rd rt 309 north of rt 22 allentown pa 18104
131 elm st north elm street
"131 filbert avenue sausalito, ca, 94965 sausalito 131 filbert avenue ca 94965"
"1331 mesa dr. barstow, ca. barstow ca 92311"
"1333 - 3rd street, room 23 napa, ca, 94559 napa 1333 3rd street room 23 ca 94559"
13398 53rd ct n  royal palm beach fl 33411
133 dumaresq street  manly west nsw 2216
"133 leibrant avenue santa cruz, ca, 95060 santa cruz 133 leibrant avenue ca 95060"
"1340 tainter street saint helena, ca, 94574 saint helena 1340 tainter street ca 94574"
"1347 pierce street san francisco, ca, 94115 san francisco 1347 pierce street ca 94115"
13603 marina pointe dr apt c312 marina dl rey ca 90292-9024
13650 fiddlesticks blvd ste 202 # 202 pmb 188 ste 202 fort myers fl 33912-0312
1366 cumberland circle east  elk grove village il 60007
1366 cumberland circle e  elk grove village il 60007
"1372 mcgaw avenue irvine, ca. irvine ca 92714"
137 bowspirit dr  north palm beach fl 33408
137 bowsprit dr  north palm beach fl 33408
137 bowsprit dr.  north palm beach fl 33408
139 lake meryl dr.  west palm beach fl 33411
"139 primrose road burlingame, ca, 94010 burlingame 139 primrose road ca 94010"
13 officer crescent lilhkvale upper coomera qld 2644
"1400 fifth avenue san rafael, ca, 94901 san rafael 1400 fifth avenue ca 94901"
1401 elm st   dept 842467 5th floor dallas tx 75202
"1407 3rd street calistoga, ca, 94515 calistoga 1407 3rd street ca 94515"
"140 turk street san francisco, ca, 94102 san francisco 140 turk street ca 94102"
"1421 guerneville road, suite 218 santa rosa, ca, 95403 santa rosa 1421 guerneville road suite 218 ca 95403"
14232 86th rd. n.  lo fl 33470
14232 86th rd. n.  loxahatchee fl 33470
"1425 koll circle, suite 109 san jose, ca, 95112 san jose 1425 koll circle suite 109 ca 95112"
"1426 fillmore street, #303 san francisco, ca, 94115 san francisco 1426 fillmore street # 303 ca 94115"
14369 69th drive n.  palm beach gardens fl 33415
14369 69th dr. n  palm beach gardens fl 33418
14369 69th dr. n.  palm beach gardens fl 33418-7240
14405 21st ave no.  ste 130  plymouth mn 55447
14450 46th street no. suite 115 clearwater fl 33762
144 s 500 e floor 2  salt lake city ut 84102
"1450 chapin avenue, 2nd floor burlingame, ca, 94010 burlingame 1450 chapin avenue 2nd floor ca 94010"
1450 n. mangonia dr.  west palm beach fl 33401
"1451 main street saint helena, ca, 94574 saint helena 1451 main street ca 94574"
1470 hwy 104 n  cedar grove tn 38321
147 gregory rd.  w. palm beach fl 33405
14852 64th way n  palm beach gardens fl 33418
"1486 huntington ave. south san francisco, ca, 94080 south san francisco 1486 huntington ave. ca 94080"
"1487 huntington avenue south san francisco, ca, 94080 san francisco 1487 huntington avenue south ca 94080"
148 port jackson circuit broadwater vlge australind nsw 3047
14 denningjlpace villa 6 noble parm north vic 3954
14 n 837 rt 25  dundee il 60118-3218
14th floor l&c tower 401 church street nashville tn 37243
"1500 los gamos drive san rafael, ca, 94903 san rafael 1500 los gamos drive ca 94903"
1501 n main st #2  beaver dam ky 42320-8961
"1505 georgia street vallejo, ca, 945905726 vallejo 1505 georgia street ca 945905726"
"1505 tennessee street vallejo, ca, 94590 vallejo 1505 tennessee street ca 94590"
15105 duffy rd township of squaw grove hinckley il 60520
"151 buckingham avenue redwood city, ca, 94063 redwood city 151 buckingham avenue ca 94063"
"1525 post street san francisco, ca, 941096567 san francisco 1525 post street ca 941096567"
"1525 waller street san francisco, ca, 94117 san francisco 1525 waller street ca 94117"
1532 40th st.  w. palm beach fl 33407
"1541 - 12th avenue san francisco, ca, 94122 san francisco 1541 12th avenue ca 94122"
15450 s. outer forty road ste 210   ste b \n ste b  chesterfield mo 63017
"1547 jerrold avenue san francisco, ca, 94124 san francisco 1547 jerrold avenue ca 94124"
15500 lakes of delray blvd. #208 delray beach fl 33484
"1550 bryant street, suite 450 san francisco, ca, 94103 san francisco 1550 bryant street suite 450 ca 94103"
"1550 treat avenue san francisco, ca, 94110 san francisco 1550 treat avenue ca 94110"
1555 palm beach lakes blvd. ste. 406 w. palm beach fl 33401
1557 buford dr # 30043 lawrenceville ga 30049-0185
"155 hazelwood river road edgewater, fl 32141 edgewater fl 32141"
"155 north second street dixon, ca, 95620 dixon 155 north second street ca 95620"
15 a. lexington ln. east  palm beach gardens fl 33418
15 watson street aprt 401 rankin park qld 3067
15 westside 28806  asheville nc 28806
"1600 clifton road atlanta, ga, 30333 atlanta 1600 clifton road ga 30333"
"1600 lincoln avenue napa, ca, 94558 napa 1600 lincoln avenue ca 94558"
"1600 union avenue fairfield, ca, 94533 fairfield 1600 union avenue ca 94533"
"1601 - 2nd street, suite 108 san rafael, ca, 94901 san rafael 1601 2nd street suite 108 ca 94901"
"1601 lane street san francisco, ca, 94124 san francisco 1601 lane street ca 94124"
"1601 lane street, suite 205 san francisco, ca, 94124 san francisco 1601 lane street suite 205 ca 94124"
"1604 hwy. 281, n.  three rivers tx 78071"
"160 capp street san francisco, ca, 94110 san francisco 160 capp street ca 94110"
163 buzacott place boslyie coffs harbour qld 2650
"164 - 6th street san francisco, ca, 94103 san francisco 164 6th street ca 94103"
"1650 mission street, 5th floor san francisco, ca, 94103 san francisco 1650 mission street 5th floor ca 94103"
"1656 - 15th street san francisco, ca, 94103 san francisco 1656 15th street ca 94103"
16628 78th dr. n  palm beach gardens fl 33418
"1663 mission street, suite 225 san francisco, ca, 94103 san francisco 1663 mission street suite 225 ca 94103"
1670 f highway 17 n  little river sc 29566
16781 chagrin blvd # 124 shaker heights oh 44120-3721
16781 chagrin blvd # 132 shaker heights oh 44120-3721
16781 chagrin blvd # 143 shaker heights oh 44120-3721
16781 chagrin blvd # 257 shaker heights oh 44120-3721
"1682 novato blvd, suite 150-b novato, ca, 94947 novato 1682 novato blvd suite 150-b ca 94947"
168 eastern prom 3r  portland me 041 01
16921 ne 6th ave # 1 north miami beach fl 33162-2407
169 davison place  kingsey qld 2060
16 beaufort retreat clydeview caravn park rosewter nsw 3096
16 davenport street  wantirna south qld 7025
"16 jeannette prandi way san rafael, ca, 94903 san rafael 16 jeannette prandi way ca 94903"
16 moseley place  camden qld 2170
"16 ritter street san rafael, ca, 94901 san rafael 16 ritter street ca 94901"
"16th street and mission street san francisco, ca, 94103 san francisco 16th street and mission street ca 94103"
16 w. 485 s. frontage rd. suite 200 burr ridge il 60527
16 w. 485 s. frontage road suite 200 burr ridge il 60527
"1701 coyote point drive san mateo, ca, 94401 san mateo 1701 coyote point drive ca 94401"
17071 w dixie hwy # 301 north miami beach fl 33160-3773
17071 w dixie hwy # 312 north miami beach fl 33160-3773
"170 otis street san francisco, ca, 94103 san francisco 170 otis street ca 94103"
17100 w dixie hwy north miami beach fl 33160-4815
"1710 scott street san francisco, ca, 94115 san francisco 1710 scott street ca 94115"
"1710 trousdale drive burlingame, ca, 94010 burlingame 1710 trousdale drive ca 94010"
1714 1st st n jacksonville beach fl 32250-7405
"1714 jefferson napa, ca, 94559 napa 1714 jefferson ca 94559"
1732 1st ave # 25366 new york ny 10128-5177
17323 kennedy dr north redington beach fl 33708-1350
"1738 16th avenue santa cruz, ca, 95062 santa cruz 1738 16th avenue ca 95062"
"1740 - 17th avenue santa cruz, ca, 95062 santa cruz 1740 17th avenue ca 95062"
"1740 17th avenue santa cruz, ca, 95062 santa cruz 1740 17th avenue ca 95062"
1765 kenaston blvd unit u  winnipeg mb r3y 1v8
17696 fieldbrook circle n.  boca raton fl 33496
17708 46th ct. n.  loxahatchee fl 33470
"1777 main street saint helena, ca, 94574 saint helena 1777 main street ca 94574"
"1790 - 3rd street napa, ca, 94559 napa 1790 3rd street ca 94559"
"1795 enterprise drive fairfield, ca, 94533 fairfield 1795 enterprise drive ca 94533"
"1798-a bay road east palo alto, ca, 94303 alto 1798-a bay road east palo ca 94303"
"1798 bay road east palo alto, ca, 94303 alto 1798 bay road east palo ca 94303"
"1800 oakdale avenue san francisco, ca, 94124 san francisco 1800 oakdale avenue ca 94124"
"1810 francisco boulevard pacifica, ca, 94044 pacifica 1810 francisco boulevard ca 94044"
"1820 beverly way sacramento, ca 95818 sacramento ca 95818"
1830 s ocean dr #1809 hallandale beach fl 33009-7694
"18395 gulf blvd, #202  indian shores fl 33785"
"18408 55 avenue n.w. edmonton, ab t6m 1y8 canada edmonton ab t6m 1y8"
1850 homewood blvd. #101 delray beach fl 33445
18530 mack ave # 196 grosse pointe farms mi 48236-3254
18530 mack ave # 262 grosse pointe farms mi 48236-3254
18530 mack ave # 445 grosse pointe farms mi 48236-3254
"185 ne 4th ave., #104  delray beach fl 33483"
"1860 hayes street san francisco, ca, 94117 san francisco 1860 hayes street ca 94117"
18640 mack ave # 865 grosse pointe farms mi 48236-7700
1879 golf ridge dr s bloomfield hills mi 48302-1735
"18831  pines blvd,  #241 pembroke pines, fl 33029, usa"
188 n main st #1  branford ct
18 cleeve place  parkside nsw 3480
18 lister crescent bolinda vale keysborough vic 3223
"18 sunflower meadow irlam, manchester, m44 6td uk irlam manchester m44 6td"
"18 w. beach street watsonville, ca, 95076 watsonville 18 w. beach street ca 95076"
1900 east street 1900 e 8th street ca davis 95616-0000
1900 east street 1900 e 8th street davis ca 95616-0000
"1905 florida street vallejo, ca, 94590 vallejo 1905 florida street ca 94590"
1906 college heights blvd #41066  bowling green ky 42101-1066
"1909 jefferson street napa, ca, 94558 napa 1909 jefferson street ca 94558"
1919 n. flager dr.  west palm beach  fl 33407
1919 n. flagler dr.  west palm beach fl 33407
"1921 san pablo avenue oakland, ca, 94612 oakland 1921 san pablo avenue ca 94612"
"1930 - 4th street san rafael, ca, 94901 san rafael 1930 4th street ca 94901"
19360 rinaldi st # 379 porter ranch ca 91326-1607
"194 stonehill drive richmond, va 23236 richmond va 23236"
19508 shumard oak dr unit 103 land o lakes fl 34638-7273
"1950 alameda de las pulgas san mateo, ca, 94497 san mateo 1950 alameda de las pulgas ca 94497"
"1950 dover avenue fairfield, ca, 94533 fairfield 1950 dover avenue ca 94533"
"1950 dover avenue, room 18 fairfield, ca, 94533 fairfield 1950 dover avenue room 18 ca 94533"
1950 mn stemmons freeway suite 5010 lockbox 848104 dallas tx 75207
"1950 n stemmons freeway,ste 5010 lockbox 848104 dallas tx 75207"
"1950 n. stemmons freeway, ste 5010 lockbox 848104 dallas tx 75207"
1950 n stemmons freeway suite 5010 lockbox 848104 dallas tx 75207
1950 n stemmons fwy ste 5010 lb #842467 dallas tx 75207
"19680 mechanicsburg illiopolis road illiopolis, il 62539-3660 illiopolis il 62539-3660"
196 hume road\n#1  puslinch on n0b 2j0
"196 hume road puslinch, on n0b 2j0 canada puslinch on n0b 2j0"
"1970 broadway, suite 400 oakland, ca, 94612 oakland 1970 broadway suite 400 ca 94612"
1983 pga blvd. # 104  palm beach gardens fl 33410
199 south coast highway  laguna beach ca 92651
"19 s market street, papcpoi po box 267 selinsgrove pa 17870"
1   bentleig east nss 4506
"1 clearlake centre, suite 1400 250 australian ave south west palm beach fl 33401"
1 dna way msc 24 ca s san fran 94080-4918
1 dna way msc 24 s san fran ca 94080-4918
1 heriot place  bentleigh east nsw 4506
"1 south van ness avenue, 6th floor san francisco, ca, 94103 san francisco 1 south van ness avenue 6th floor ca 94103"
"2000 alameda de las pulgas, suite 100 san mateo, ca, 94403 san mateo 2000 alameda de las pulgas suite 100 ca 94403"
200-15225 104ave surrey bc v3r6y8 canada bc 00000
"2004 east north street greenville, sc 29607 greenville sc 29607"
"2007 freedom blvd freedom, ca, 95019 freedom 2007 freedom blvd ca 95019"
"2008 - 17th avenue santa cruz, ca, 95062 santa cruz 2008 17th avenue ca 95062"
"200 james avenue redwood city, ca, 94062 redwood city 200 james avenue ca 94062"
"200 north san pedro road san rafael, ca, 94903 san rafael 200 north san pedro road ca 94903"
2010 w ave k ste 545 lancaster ca 93536-5229
"2015 e 3rd street benicia, ca, 94510 benicia 2015 e 3rd street ca 94510"
"201 eddy street san francisco, ca, 94102 san francisco 201 eddy street ca 94102"
"201 stoney ridge road vallejo, ca, 94589 vallejo 201 stoney ridge road ca 94589"
"2025 shoreline highway muir beach, ca, 94965 muir beach 2025 shoreline highway ca 94965"
"2025 sonoma boulevard vallejo, ca, 94590 vallejo 2025 sonoma boulevard ca 94590"
"2027 briarcliff road lewisville, tx 75067 lewisville tx 75067"
20283 state road 7 ste 300 boca raton fl 33498-6903
"203 w. platt street tampa, fl 33606 tampa fl 33606"
"205 13th street, suite 3150 san francisco, ca, 94103 san francisco 205 13th street suite 3150 ca 94103"
"205 - 13th street, suite 3280 san francisco, ca, 94103 san francisco 205 13th street suite 3280 ca 94103"
"2070 homewood blvd., #502  delray beach fl 33445"
"207 east mellen street hampton, va 23663 hampton va 23663"
"207 skyline boulevard san francisco, ca, 94132 san francisco 207 skyline boulevard ca 94132"
209 20th st n # 177 birmingham al 35203-3601
"209 e. lake shore dr., ste. 3800 209 e. lake shore dr. chicago il 60611"
2100 45th st n saint petersburg fl 33713-4659
2100 n. florida mango rd.  w. palm beach fl 33409
"2105 divisadero street san francisco, ca, 94115 san francisco 2105 divisadero street ca 94115"
"210 high street santa cruz, ca, 95060 santa cruz 210 high street ca 95060"
"210 locust drive vallejo, ca, 94591 vallejo 210 locust drive ca 94591"
"2121 south el camino real, suite a-100 san mateo, ca, 94403 san mateo 2121 south el camino real suite a-100 ca 94403"
"212 ashbury street san francisco, ca, 94117 san francisco 212 ashbury street ca 94117"
212 erie st w  windsor on n9a 6b5
213 grand avenue sw  ft payne al 35967
"2150 post street san francisco, ca, 94115 san francisco 2150 post street ca 94115"
"215 mission avenue san rafael, ca, 94901 san rafael 215 mission avenue ca 94901"
2161 palm beach lakes boulevar suite 408 west palm beach fl 33409
"217 sherman avenue grand haven, mi 49417 grand haven mi 49417"
"2185 elliott drive american canyon, ca, 94503 american canyon 2185 elliott drive ca 94503"
218 datura st. 3rd fl. west palm beach fl 33402
"21 carr street watsonville, ca, 95076 watsonville 21 carr street ca 95076"
2200 centre park w. dr.  west palm beach fl 33409
2200 centrepark w dr.  west palm beach fl 33409
2200 centrepark w. dr.  w. palm beach fl 33409
2201 brant st unit 22 burlington on l7p 3n8
"2201 tuolumne st vallejo, ca, 94589 vallejo 2201 tuolumne st ca 94589"
2207 d gault ave n  ft payne al 35967
220 county road building 31fms 5 ashland ne 68003
220 french lnding drive second floor nashville 
220 main st east setauket setauket ny 11733
2215 palm beach lakes blvd.  w. palm beach fl 33407
222 bell blvd unit 12 belleville on k8p 5l7
"222 paul scannell drive san mateo, ca, 94402 san mateo 222 paul scannell drive ca 94402"
"222 west prospect street marquette, mi 49855 marquette mi 49855"
224 bloomfield dr.  west palm beach fl 33405
224 datura st #1112  west palm beach fl 33401
"224 datura street, #1114  west palm beach fl 33401"
224 rainbow dr #12444  livingston tx 77399
"225 oxmoor circle suite 805 birmingham, al 35209 birmingham al 35209"
"225 westridge drive watsonville, ca, 95076 watsonville 225 westridge drive ca 95076"
"2261 elm street napa, ca, 94559 napa 2261 elm street ca 94559"
228 buzacott place bowylie coffss harbour qld 2560
22 greenhood place stoney rise bundoora qld 4740
"2301 mission street, plaza adelante san francisco, ca, 94110 plaza adelante san francisco 2301 mission street ca 94110"
"2301 mission street, suite 201 san francisco, ca, 94110 san francisco 2301 mission street suite 201 ca 94110"
"2310 laurel street suite 1 napa, ca, 94559 napa 2310 laurel street suite 1 ca 94559"
"2344 old sonoma road, building g napa, ca, 945593708 building g napa 2344 old sonoma road ca 945593708"
"234 eddy street san francisco, ca, 94102 san francisco 234 eddy street ca 94102"
"234 grand view avenue san francisco, ca, 94114 san francisco 234 grand view avenue ca 94114"
2350 tecumseh dr.  west palm beach fl 33409
235 apollo beach blvd # 234 apollo beach fl 33572-2251
"236 santa cruz avenue aptos, ca, 95003 aptos 236 santa cruz avenue ca 95003"
23 canberra avenue  frema ndle nsm 2170
23 fimister circuit eriswell park beresford nsw 6330
"23 north braddock street winchester, va 22601 winchester va 22601"
23 ranken place rangeville broadbeach waters qld 4215
23 torrens street location 22576 trevallyn nsw 4020
2400 riverfront drive mailbox 2825 little rock ar 72202
"2401 keith street san francisco, ca, 94124 san francisco 2401 keith street ca 94124"
"240 doherty drive larkspur, ca, 94939 larkspur 240 doherty drive ca 94939"
"2411 pulgas avenue east palo alto, ca, 94303 east palo alto 2411 pulgas avenue ca 94303"
"2415 university avenue, 3rd floor east palo alto, ca, 94303 east palo alto 2415 university avenue 3rd floor ca 94303"
"2420 edward avenue el cerrito, ca 94530-1678 el cerrito ca 94530-1678"
2421 s. flagler dr.  west palm beach fl 33401
242 buzacott place bowylie coffs harbour qld 2650
2434 embassy dr.   west palm beach  fl 33401
"2442 bayshore boulevard san francisco, ca, 94134 san francisco 2442 bayshore boulevard ca 94134"
244 buzacott place bowylie coffs harbour qld 2650
244 buzacott poace  coffs hsjbour qld 2605
2464 san piertro cr. e  palm beach gardens  fl 33410
24881 alicia pkwy # 418 laguna hills ca 92653-4617
"24 belvedere street, outside at the parking lot , ca, 94901"
"24 belvedere street, outside at the parking lot , ca, 94901 outside at the parking lot 24 belvedere street ca 94901"
"24 second avenue san mateo, ca, 94401 san mateo 24 second avenue ca 94401"
"2500 - 18th street san francisco, ca, 94110 san francisco 2500 18th street ca 94110"
"2500 middlefield road redwood city, ca, 94063 redwood city 2500 middlefield road ca 94063"
2500 padre blvd #27  south padre island tx 78597
"250 - 10th street san francisco, ca, 94103 san francisco 250 10th street ca 94103"
"250 australian ave., so.,  suite 704 west palm beach fl 33401"
250 australian ave. s. suite 704 west palm beach fl 33401
25129 the old road #303  stevenson ranch ca 91381
2519 west altgeld street 2-w\nsuite 100  chicago il 60647-1910
2519 west altgeld street 2-w suite 100 chicago il 60647-1910
"251 north san pedro road san rafael, ca, 94903 san rafael 251 north san pedro road ca 94903"
2523 ceadarcrest rd.  w. palm beach fl 33415
"2525 natomas park drive, suite 100 sacramento, ca, 95833 sacramento 2525 natomas park drive suite 100 ca 95833"
"2534 judah street san francisco, ca, 94122 san francisco 2534 judah street ca 94122"
25381-g alicia parkway suite #338 laguna hills ca 92653
"2540 headwaters drive slidell, la 70460 slidell la 70460"
25416 county road 6 ste 102 elkhart in 46514-5422
"2552 larkin road lexington, ky. lexington ky 40503"
"255 hyde  street san francisco, ca, 94102 san francisco 255 hyde street ca 94102"
"257 glenwood drive scotts valley, ca, 95066 scotts valley 257 glenwood drive ca 95066"
25876 the old road no 185 rm 285 stevenson ranch ca 91381-1711
"25 b east pearce street richmond hill on, l4b 2m9  canada on 00000"
25 northwest point blvd #700  elk grove village il 60007
25 rte. 31 s. suite  pennington nj 08534
"25 van ness avenue, suite 320 san francisco, ca, 94102-6033 san francisco 25 van ness avenue suite 320 ca 94102-6033"
"25 van ness avenue, suite 340 san francisco, ca, 94102 san francisco 25 van ness avenue suite 340 ca 94102"
"2600 middlefield road redwood city, ca, 94063 redwood city 2600 middlefield road ca 94063"
2605 112th court n.  palm beach gardens fl 33410
"2606 argonauta str. carlsbad, ca 92009 carlsbad ca 92009"
261 anderson rd n  rock hill sc 29730-3316
2637 e atlantic blvd # 20179 pompano beach fl 33062-4939
2637 e atlantic blvd # 22509 pompano beach fl 33062-4939
2637 e atlantic blvd # 22665 pompano beach fl 33062-4939
2637 e atlantic blvd # 26913 pompano beach fl 33062-4939
2641 gately drive w 707  west palm beach fl 33415
"264 harbor boulevard belmont, ca, 94002 belmont 264 harbor boulevard ca 94002"
"2686 spring street redwood city, ca, 94063 redwood city 2686 spring street ca 94063"
2696 dundas st w  toronto on m6p 1y2
26 king st w  forest on n0n 1j0
"2710 middlefield road redwood city, ca, 94063 redwood city 2710 middlefield road ca 94063"
2711 n sepulveda blvd #228 manhattan beach ca 90266-2725
"2727 macdonald avenue richmond, ca, 94804 richmond 2727 macdonald avenue ca 94804"
"2727 mariposa street, suite 100 san francisco, ca, 94110 san francisco 2727 mariposa street suite 100 ca 94110"
"2730 bryant street, 2nd floor san francisco, ca, 94110 san francisco 2730 bryant street 2nd floor ca 94110"
"2730 bryant street san francisco, ca, 94110 san francisco 2730 bryant street ca 94110"
"273 page street san francisco, ca, 94102 san francisco 273 page street ca 94102"
"275 beck avenue fairfield, ca, 94533 fairfield 275 beck avenue ca 94533"
"275 clark way angwin, ca, 94508 angwin 275 clark way ca 94508"
"276 golden gate avenue san francisco, ca, 94102 san francisco 276 golden gate avenue ca 94102"
"2778-2780 junipero serra boulevard daly city, ca, 94015 daly city 2778-2780 junipero serra boulevard ca 94015"
27 ranken place rangeville broadbeach waters qld 4215
"2800 taraval street san francisco, ca, 94116 san francisco 2800 taraval street ca 94116"
"2833 tennessee street vallejo, ca, 94591 vallejo 2833 tennessee street ca 94591"
"2855 old hwy 5, ste 110 burns prof. blg. blue ridge ga 30513"
"2855 old hwy 5, suite 105  blue ridge ga 30513"
2872 unionville indian trail rd w indian trail nc 28079-6752
2885 sanford ave sw # 13122 grandville mi 49418-1342
2885 sanford ave sw # 17763 grandville mi 49418-1342
2885 sanford ave sw # 29631 grandville mi 49418-1342
2885 sanford ave sw # 33031 grandville mi 49418-1342
289 34th st n saint petersburg fl 33713-8514
"29100 radio road barstow, ca. barstow ca 92311"
"2929 - 19th street san francisco, ca, 94110 san francisco 2929 19th street ca 94110"
"2931 mission street santa cruz, ca, 95060 santa cruz 2931 mission street ca 95060"
2945 rodeo park dr east  santa fe nm 87505
"2960 soquel avenue santa cruz, ca, 95062 santa cruz 2960 soquel avenue ca 95062"
"2979 newark drive east west bend, wi 53090 west bend wi 53090"
"299 dolores street san francisco, ca, 94103 san francisco 299 dolores street ca 94103"
29 fremantle drive una villas wembley downs tas 2233
"29 mary street san rafael, ca, 94901 san rafael 29 mary street ca 94901"
2 josephson street metro apartment ringwood north qld 2539
2 pchtree st nw 5th floor  atlanta 30 30303
2 richter close rowethorpe d1 braidwood nt 4873
"3000 e boundary terrace, st 2  midlothian va 23112"
"3000 e. boundary terrace, st 2  midlothian va 23112"
3000 point township drive us route 11 northumberland pa 17857
3000 scott plantation dr s mobile al 36695-9444
300 east randolph street dept 528 4th floor chicago il 60601
"300 west street vacaville, ca, 95688 vacaville 300 west street ca 95688"
301 clematis st. ste. 3000 w. palm beach fl 33401
"301 georgia street, suite 221 vallejo, ca, 94590 vallejo 301 georgia street suite 221 ca 94590"
"301 w. 10th street #3 antioch, ca, 94509 antioch 301 w. 10th street # 3 ca 94509"
"303 walnut avenue santa cruz, ca, 95060 santa cruz 303 walnut avenue ca 95060"
3041 n calif. st. 1968 e highway 90 seguin tx 78155
"304 ch. knowlton suite #3631, knowlton (quebec) canada j0e 1v0"
"30 kawana springs road santa rosa, ca, 95404 santa rosa 30 kawana springs road ca 95404"
"3100 4th avenue east moline, il. east moline il 61244"
"3101 mission street, suite 101 san francisco, ca, 94110 san francisco 3101 mission street suite 101 ca 94110"
#3 116 broadway ave box 551 redcliff ab t0j 2p0
"#3117, 606 alamo pintado road solvang, ca 93463 solvang ca 93463"
311 e simmons st kensington rm 404 galesburg il 61401
311 palmetto st.  w. palm beach fl 33405
3121 187th street crt n  east moline il 61244
31 54th st n saint petersburg fl 33710-8017
"3170 - 23rd san francisco, ca, 941103335 san francisco 3170 23rd ca 941103335"
"318 leavenworth street san francisco, ca, 94102 san francisco 318 leavenworth street ca 94102"
"31 bepler street daly city, ca, 94014 daly city 31 bepler street ca 94014"
"3201 ulloa street san francisco, ca, 94116 san francisco 3201 ulloa street ca 94116"
321 jd ln reedsport 97467 po box 85 westlake or 97493
321 northlake blvd # 321 north palm beach fl 33408-5422
3220 meridian way s. #21 palm beach gardens fl 33410
3221 carter ave unit 138 marina dl rey ca 90292-4942
3245 latta rd #16988  rochester ny 14616
3252 rt 60 east ona west industrial park ona wv 25545
325 plaza rd n fair lawn nj 07410-3632
"3260 kerner boulevard san rafael, ca, 94901 san rafael 3260 kerner boulevard ca 94901"
"3300 college drive, building one, room 1222 san bruno, ca, 94066 san bruno 3300 college drive building one room 1222 ca 94066"
"3300 college drive san bruno, ca, 94066 san bruno 3300 college drive ca 94066"
"3305 linda vista avenue napa, ca, 94558 napa 3305 linda vista avenue ca 94558"
3309 northlake blvd.  north palm beach fl 33403
"330 avian drive vallejo, ca, 94591 vallejo 330 avian drive ca 94591"
"330 ellis street, first floor san francisco, ca, 94102 first floor san francisco 330 ellis street ca 94102"
"330 ellis street san francisco, ca, 94102 san francisco 330 ellis street ca 94102"
"330 twin dolphin drive, suite 123 redwood city, ca, 94065 redwood city 330 twin dolphin drive suite 123 ca 94065"
"3313 hwy. 31, w.  white house tn 37188"
331 hodgson crescent  doncaster east qld 7011
3321 john f kennedy  blvd ste# d north little rock ar 72116
"333 no. new river drive., east  ft. lauderdale fl 33301"
333 washington blvd marina dl rey ca 90292-5152
"3358 blossom court abbotsford, bc v3g 2y5 canada abbotsford bc  v3g 2y5"
3361 teamster way 3361 teamster way springfield il 62707-3562
"33 arroyo drive south san francisco, ca, 94080 san francisco 33 arroyo drive south ca 94080"
"3401 csm drive san mateo, ca, 94402 san mateo 3401 csm drive ca 94402"
3424 camp robinson rd.  north little rock ar 72118
3433 nw 56th st bldg b #670 oklahoma city ok 73112
"3465 n pines way,ste 104,25205  wilson wy 83014"
3495 ne 163rd st north miami beach fl 33160-4426
"3501 civic center drive, room 236 san rafael, ca, 94903 san rafael 3501 civic center drive room 236 ca 94903"
"3501 civic center drive, suite 116 san rafael, ca, 94903 san rafael 3501 civic center drive suite 116 ca 94903"
"350 - 90th street daly city, ca, 94015 daly city 350 90th street ca 94015"
"350 golden gate avenue san francisco, ca, 94102 san francisco 350 golden gate avenue ca 94102"
"350 stinson avenue vacaville, ca, 95688 vacaville 350 stinson avenue ca 95688"
"350 stinson street vacaville, ca, 95688 vacaville 350 stinson street ca 95688"
"351 mission avenue san rafael, ca, 94901 san rafael 351 mission avenue ca 94901"
3525 49th st n  saint petersburg fl 33710
"3538 south fulton avenue atlanta, ga 30354 atlanta ga 30354"
"357 - 5th street hollister, ca, 95023 hollister 357 5th street ca 95023"
"357 ellis street san francisco, ca, 94102 san francisco 357 ellis street ca 94102"
3590 south state road 7 suite 28 / reference division miramar fl 33023
3590 south state road 7 suite 28/reference division miramar fl 33023
"359 bel marin keys boulevard, suite 1 novato, ca, 94949 novato 359 bel marin keys boulevard suite 1 ca 94949"
"359 bel marin keys, suite one novato, ca, 94949 suite one novato 359 bel marin keys ca 94949"
"362 capp street san francisco, ca, 94110 san francisco 362 capp street ca 94110"
364 golfview rd  n palm beach fl 33406
364 golfview road #207 north palm beach fl 33408
36625 us highway 19 n palm harbor fl 34684-1228
"370 chadbourne rd, suite c fairfield, ca, 94534 fairfield 370 chadbourne rd suite c ca 94534"
370 commerce parkway west dr greenwood in 46143-7046
"3710 mitchell drive fort collins, co 80525 fort collins co 80525"
3732 hwy 431 n.  phenix city al 36867
375 valley forge rd.  w. palm beach fl 33405
3773 e cherry creek north dr # 8 denver co 80209-3804
37 kingsford smith drive  plympton north nsw 2405
3807 sierra hwy ste 6 ste 4417 acton ca 93510-1256
"380 - 90th street daly city, ca, 94015 daly city 380 90th street ca 94015"
3821 northshore dr.  west palm beach fl 33407
"3843 sw 153rd ct, miami, fl 33185, ee. uu."
"3872 jefferson pike jefferson, md 21755 jefferson md 21755"
38 allambee street flt 1 edwards rise estate springvale nsw 3204
38 esau place  booval nsw 2170
"3918 judah street san francisco, ca, 94122 san francisco 3918 judah street ca 94122"
"393 sagamore ave. minelola, ny. minelola ny 11501"
"395 amador street vallejo, ca, 94590 vallejo 395 amador street ca 94590"
"395 w. northwest highway palatine, ill palatine il 60067"
3 hatfiel s oreet  cradac nsw 2646
"4000 n state rd 7, ste 407, fort lauderdale, fl 33319, usa"
"4000 suisun valley road fairfield, ca, 945343197 fairfield 4000 suisun valley road ca 945343197"
400 ave d unit 10  williston vt 05495
400 columbia drive ste. 110 w. palm beach fl 33409
"400 county center redwood city, ca, 94063 center redwood city 400 county ca 94063"
"400 encinal street santa cruz, ca, 95060 santa cruz 400 encinal street ca 95060"
"400 harbor blvd belmont, ca, 940024047 belmont 400 harbor blvd ca 940024047"
"400 harbor blvd, building b san carlos, ca, 94070 building b san carlos 400 harbor blvd ca 94070"
400 s. olive ave. apt. 301  west palm beach  fl 3301
"400 west cummings park, suite 1700 , ca, 01801  400 west cummings park suite 1700 ca 01801"
"400 whispering bay lane suisun city, ca, 94585 suisun city 400 whispering bay lane ca 94585"
"4010 nelson avenue concord, ca, 94520 concord 4010 nelson avenue ca 94520"
"401 - 3rd street san francisco, ca, 94103 san francisco 401 3rd street ca 94103"
"401 church street,14th flr,l&c twr div of fiscal services-fee section nashville tn 37243"
"4031 pacific boulevard san mateo, ca, 94403 san mateo 4031 pacific boulevard ca 94403"
"404 western avenue ashton, il 61006 ashton il 61006"
"406 main street, suite 207 watsonville, ca, 95076 watsonville 406 main street suite 207 ca 95076"
"407 - 9th street san francisco, ca, 94103 san francisco 407 9th street ca 94103"
"407 capitol street vallejo, ca, 94590 vallejo 407 capitol street ca 94590"
"4080 mission street san francisco, ca, 94112 san francisco 4080 mission street ca 94112"
"409 4th street san rafael, ca, 94901 san rafael 409 4th street ca 94901"
"409 south spruce south san francisco, ca, 94080 san francisco 409 south spruce south ca 94080"
"40 boardman place san francisco, ca, 94103 san francisco 40 boardman place ca 94103"
4140 thielman lane ste. 110 w. saint cloud mn 56301
"416 union avenue fairfield, ca, 94533 fairfield 416 union avenue ca 94533"
4193 solutions center lockbox no 774193 chicago il 60677
"419 pennsylvania street vallejo, ca, 94590 vallejo 419 pennsylvania street ca 94590"
41 lansdowne st w  peterborough on k9j 1x8
41st floor 1221 ave of the americas new york ny 10020
"420 cassia street redwood city, ca, 94063 redwood city 420 cassia street ca 94063"
"421 executive court north fairfield, ca, 94534-4019 north fairfield 421 executive court ca 94534-4019"
4221 richards rd  north litte rock ar 72117
424 s. military tr.  west palm beach fl 33415
"425 corcoran avenue vallejo, ca, 94589 vallejo 425 corcoran avenue ca 94589"
"425 hemlock street vacaville, ca, 95688 vacaville 425 hemlock street ca 95688"
"425 so. second street barstow, ca. barstow ca 92311"
427 cummins station 209 10th avenue s. nashville tn 37203
427 cummins station 209 10th ave south nashville tn 37203
"427 executive court fairfield, ca, 94534 fairfield 427 executive court ca 94534"
427 n tatnall st # 50430 wilmington de 19801-2230
"427 south van ness avenue san francisco, ca, 94110 san francisco 427 south van ness avenue ca 94110"
428 westwind dr  north palm beach fl 33408
4350 lassiter at north hills ave ste 250  raleigh nc 27609
"435 monterey avenue capitola, ca, 95010 capitola 435 monterey avenue ca 95010"
436 oyster rd.  north palm beach fl 33408
43 beazley crescent mountlea strathfieldsaye nsw 7140
43 north 1250 west  saint george ut 84770
"440 arthur road watsonville, ca, 95076 watsonville 440 arthur road ca 95076"
"4440 pga blvd, $408  palm beach gardens fl 33410"
"4440 pga blvd, #408  palm beach gardens fl 33410"
"445 church street san francisco, ca, 94114 san francisco 445 church street ca 94114"
"449 main st., box 527\nunit 9a  oakbank mb r0e 1j0"
44 givens street sec 158 rouse hill nsw 6059
"4500 pga blvd, #204  palm beach gardens fl 33418"
450 egret circle #9307  delray beach fl 33445
"451 stardust place alameda, ca, 94501 alameda 451 stardust place ca 94501"
"4521 pga blvd, #108  palm beach gardens fl 33418"
"4538 poplar avenue memphis, tn 38117 memphis tn 38117"
"459 marvin way dixon, ca, 95620 dixon 459 marvin way ca 95620"
45 gardiner street flt 61 victoria point vic 3206
45 pickworth street  wynnum west nsw 3175
460 n. state road 7 suite 100 royal palm beach fl 33411
4674 marshall rd box 15 ca garden valley 95633-9306
46 mcbryde crescent  forbe s nsw 6155
470 executive ctr. dr.  west palm beach fl 33401
474 silas deane highway  wethersfield ct
"474 valencia street, suite 100 san francisco, ca, 94103 san francisco 474 valencia street suite 100 ca 94103"
"4757 n.w. 122 drive coral springs, fl 33076 coral springs fl 33076"
47 south main division of motor vehicle tooele ut 84074
"480 military e benicia, ca, 94510 benicia 480 military e ca 94510"
4900 w. 95th st. lockbox 233204 oak lawn fl 60453
"490 chadbourne road, suite a fairfield, ca, 94533 fairfield 490 chadbourne road suite a ca 94533"
"496 b street san rafael, ca, 94901 san rafael 496 b street ca 94901"
49 warren st corner of endicott st peabody ma 01960
4 derrington crescent austin repat campus miranda nsw 2067
"4 stewart court denville, n.j. denville nj 07834"
500 3rd st s jacksonville beach fl 32250-6624
"500 e. mountain view barstow, ca. barstow ca 92311"
500 palm springs blvd. 309 n indian harbour beach fl 32937
500 palm springs blvd.\n309 n  indian harbour beach fl 32937
501 a55 0083 6908 po box 5001 carol stream il 60197
"501 soquel avenue, suite e santa cruz, ca, 95062 santa cruz 501 soquel avenue suite e ca 95062"
5024 50th ave ste a  vermilion ab t9x 1a2
5028 hwy 15 n.  jackson ky 41339
504 seville d ste 201  denton tx 76205
"505 santa clara street, floor 3 vallejo, ca, 94590 vallejo 505 santa clara street floor 3 ca 94590"
"5070 mission street san francisco, ca, 94112 san francisco 5070 mission street ca 94112"
"50 east 5th avenue san mateo, ca, 94401 san mateo 50 east 5th avenue ca 94401"
50 gardiner street flt 61 victoria point vic 3206
"50 north b street san mateo, ca, 94401 san mateo 50 north b street ca 94401"
"50 phelan avenue, bungalow 615 san francisco, ca, 94112 san francisco 50 phelan avenue bungalow 615 ca 94112"
"50 phelan avenue, room e2 san francisco, ca, 94112 san francisco 50 phelan avenue room e2 ca 94112"
50 w 066 route 38  maple park il 60151
5131 recker highway  winter haven fl 33880
"515 cortland avenue san francisco, ca, 94110 san francisco 515 cortland avenue ca 94110"
"515 frederick street santa cruz, ca, 95062 santa cruz 515 frederick street ca 95062"
515 n. flagler dr.  west palm beach fl 33401
"517 - 12th street sacramento, ca, 95814 sacramento 517 12th street ca 95814"
"519 17th street, suite 600 oakland, ca, 94612 oakland 519 17th street suite 600 ca 94612"
5210 queen mary rd suite 17a montreal qc h3w 1x5
"521 main street, suite y watsonville, ca, 95076 watsonville 521 main street suite y ca 95076"
525 okeechobee blvd. ste. 1100 w. palm beach fl 33401
525 okeechobee blvd. ste. 1600 w. palm beach fl 33401
525 okeechobee blvd.  w. palm beach fl 33401
5264 crystal anne dr.  west palm beach fl 33417-1256
5280 main st n saint petersburg fl 33714-2245
"532 center street santa cruz, ca, 95060 santa cruz 532 center street ca 95060"
"534 s. edmonds lane #101 lewisville, tx. lewisville tx 75067"
"535 kelly avenue half moon bay, ca, 94019 half moon bay 535 kelly avenue ca 94019"
"540 crespi drive pacifica, ca, 94044 pacifica 540 crespi drive ca 94044"
"542 ocean street, suite i santa cruz, ca, 95060 santa cruz 542 ocean street suite i ca 95060"
"542 ocean street suite k santa cruz, ca, 95060 santa cruz 542 ocean street suite k ca 95060"
"543 baker street san francisco, ca, 94117 san francisco 543 baker street ca 94117"
5440 north shore dr  north little rock ar 72118
"545 cassia street redwood city, ca, 94063 redwood city 545 cassia street ca 94063"
545 meridian ave ste d 28250 ca san jose 95126-3427
5500 military trl # 22318 jupiter fl 33458-2869
"550 quarry road san carlos, ca, 94070 san carlos 550 quarry road ca 94070"
"#555, 660 4th street san francisco, ca 94107 san francisco ca 94107"
"555 northgate drive san rafael, ca, 94903 san rafael 555 northgate drive ca 94903"
"555 northgate drive, suite 105 san rafael, ca, 94903 san rafael 555 northgate drive suite 105 ca 94903"
558 e castle pines pkwy # 173 castle pines co 80108-4608
"55 west 3rd avenue san mateo, ca, 94402 san mateo 55 west 3rd avenue ca 94402"
"5630 soquel drive soquel, ca, 95073 soquel 5630 soquel drive ca 95073"
"56 main st., 2nd floor pob 130  orleans ma 02653"
570 west 7th avenue suite 400  vancouver bc v5z 1b3
5729 lebanon rd ste 144144144 144144 pmb ste frisco tx 75034-7260
578 washington blvd # 909 marina del rey ca 90292-5442
"5800 abbey drive new orleans, la 70131 new orleans la 70131"
"5800 thornton avenue newark, ca, 94560 newark 5800 thornton avenue ca 94560"
5859 heritage park way #362  delray beach fl 33484
"5869 haverford avenue indianapolis, in 46220-2743 indianapolis in 46220-2743"
5904 agusta  n. grand blanc mi 48438
"590 franklin street napa, ca, 94559 napa 590 franklin street ca 94559"
"590 taylor way, suite a san carlos, ca, 94070 san carlos 590 taylor way suite a ca 94070"
598 anchorage drive  n. palm beach fl 33408
5 alston street leisure living retirement vlge preston qld 3156
6000 feldwood rd lbx #402605 college park ga 30349
6000 feldwood rd lockbox #402605 college park ga 30349
6000 feldwood road attn lockbox #402605 college park ga 30349
6000 feldwood road attn lockbox 402605 college park ga 30349
6000 feldwood road attn: lockbox#402605 college park ga 30349
6000 feldwood road bank of america/lockbox #402574 college park ga 30349
6000 feldwood road c/o boa lockbox 402605 college park ga 30349
6000 feldwood road lockbox #402605 college park ga 30349
6000 feldwood road lockbox 402605 college park ga 30349
"600 - 32nd avenue, interim unit 1 san francisco, ca, 94121"
"600 - 5th avenue san rafael, ca, 94901 san rafael 600 5th avenue ca 94901"
"6008 steele canyon road napa, ca, 94558 napa 6008 steele canyon road ca 94558"
600 oak street north hwy 46 oxford ne 68967
"607 b airpark road napa, ca, 94558 napa 607 b airpark road ca 94558"
609 piedmont rd.  w. palm beach fl 33405
60 doncaster ave ste 6  thornhill on l3t 1l5
"60 ocean avenue san francisco, ca, 94112 san francisco 60 ocean avenue ca 94112"
60 sutton street pl. s- 16cn
6101 4th st n  saint petersburg fl 33703
"615 university street walla walla, wa 99362 walla walla wa 99362"
616 corporate way suite 2 - 3665 valley cottage ny 10989
6215 south flagler dr.  west palm beach fl 33405
6251 smithpointe dr # 132 peachtree corners ga 30092-2755
"630 tuolumne street vallejo, ca, 94590 vallejo 630 tuolumne street ca 94590"
"631 us highway 1, 3410  north palm beach fl 33408"
654 n 800 e # 213 spanish fork ut 84660-1651
"65 beverly street san francisco, ca, 94132 san francisco 65 beverly street ca 94132"
6-6150 hwy 7 ste 400  woodbridge on l4h 0r6
"675 texas street fairfield, ca, 94533 fairfield 675 texas street ca 94533"
"685 natoma street san francisco, ca, 94103 san francisco 685 natoma street ca 94103"
"6924 morganford road st. louis, mo 63116 st. louis mo 63116"
"699 serramonte boulevard,  suite 111 daly city, ca, 94015 daly city 699 serramonte boulevard suite 111 ca 94015"
6 cockcroft avenue westmead accom wee waa nsw 3142
"6 milesouth of south bay, us27  south bay fl 33493"
"6 miles s of south bay, us 27  south bay fl 33493"
"6 savona court newport beach, ca 92657 newport beach ca 92657"
"7000 shoreline court, suite 100 ssf, ca 94080   south san francisco ca 94080"
"701 civic center blvd suisun city, ca, 94585 suisun city 701 civic center blvd ca 94585"
701 sandpiper way w  n palm beach  fl 33408
701 u.s. highway 1 ste 402 n. palm beach  fl 33408
701 u.s highway 1 suite 402 n. palm beach fl 33408
704 huckelberry ln  n palm beach fl 33408
"711 e cliff drive santa cruz, ca, 95060 santa cruz 711 e cliff drive ca 95060"
715 spencer dr.  west palm beach fl 33409
718 n grand blvd powell hall/group sales st louis mo 63103
"721 laurel street santa cruz, ca, 95060 santa cruz 721 laurel street ca 95060"
"725 price street daly city, ca, 94014 daly city 725 price street ca 94014"
"727 middlefield road redwood city, ca, 94063 redwood city 727 middlefield road ca 94063"
"730 polk street san francisco, ca, 94109 san francisco 730 polk street ca 94109"
7368 yonge st unit 5a  thornhill on l4j 8h9
7400 carmel exec pk st240  charlotte nc 28226
"750 route 73 south suite 204, 2nd floor marlton nj 08053"
7545 e treasure dr #4h north bay village fl 33141-4308
"75 digital drive novato, ca, 94949 novato 75 digital drive ca 94949"
75 graydon hall drive\nsuite 202  toronto on m3a 3m5
75 graydon hall drive suite 202 toronto on m3a 3m5
75 remittance dr. suite 1515 acct# 4398032 chicago il 60675
7635 stirling bridge blvd. n  delray beach fl 33446
7635 stirlingbridge blvd. n.   delray beach fl 33446
7700 northshore place dr  north little rock ar 72118
7707 merrill rd #11982 jacksonville fl 32239-7781
"770 east main street (marne hwy) moorestown, nj 08057 moorestown nj 8057"
"7755 east evans road scottsdale, az. scottsdale az 85260"
7777 bonhomme ave st 1400  st louis mo 63105
777 s flagler dr. east 300  west palm beach fl 33401
777 so. flagler dr. ste. 500 w. palm beach fl 33401
77 cliffwood ave st 1-d cliffwood ave nj 07721
"781 lincoln avenue, suite 140 san rafael, ca, 94901 san rafael 781 lincoln avenue suite 140 ca 94901"
"783 san andreas road watsonville, ca, 95076 watsonville 783 san andreas road ca 95076"
7932 flagler ct. so.  w. palm beach fl 33405
"79 belvedere street, suite 101 san rafael, ca, 94901 san rafael 79 belvedere street suite 101 ca 94901"
"79 cole drive, suite 15 marin city, ca, 94965 marin city 79 cole drive suite 15 ca 94965"
79 ironwood way n.  palm beach gardens fl 33418
7 bunbury street villa 9 smythesdale nda 2480
7 bunbury street villa 9 smythesdale nsw 2480
7 ridgetop place  dural nsw nsw 2158
"7 rt. 31 north pennington, nj 08534 pennington nj 8534"
8004 main st north richland hills tx 76182-4005
"800 airport blvd, suite 320 burlingame, ca, 94010 burlingame 800 airport blvd suite 320 ca 94010"
"800 foster city blvd. foster city, ca, 94404 foster city 800 foster city blvd. ca 94404"
"800 middle avenue menlo park, ca, 94025 menlo park 800 middle avenue ca 94025"
"800 mission street san francisco, ca, 94103 san francisco 800 mission street ca 94103"
"800 ohlone parkway watsonville, ca, 95076 watsonville 800 ohlone parkway ca 95076"
"800 sea gate drive, suite 101 suite 101 naples fl 34103"
8018 e santa ana canyon rd ste 100 ca anaheim hills 92808-1102
801 industrial blvd u s e  7381431 ellijay ga 30539
"801 traeger avenue, suite 100 san bruno, ca, 94066 san bruno 801 traeger avenue suite 100 ca 94066"
805 anchorage dr  north palm beach fl 33408
805 anchorage dr.  north palm beach fl 33408
"80 stone pine road, suite 100 half moon bay, ca, 94019 half moon bay 80 stone pine road suite 100 ca 94019"
"813 freedom boulevard watsonville, ca, 95076 watsonville 813 freedom boulevard ca 95076"
"815 technology drive #242201 little rock, ar 72223"
"815 tobruck avenue\nsuite 10, unit#1  north vancouver bc v7p 1v9"
"815 tobruck avenue  suite 10, unit#1 north vancouver bc v7p 1v9"
"820 battery street san francisco, ca, 94111 san francisco 820 battery street ca 94111"
"820 b street san rafael, ca, 94901 san rafael 820 b street ca 94901"
"820 e.mountain view st barstow, ca. barstow ca 92311"
"8223 bendell drive houston, tx 77017 houston tx 77017"
"822 b street, suite 5 san rafael, ca, 94901 san rafael 822 b street suite 5 ca 94901"
"823 jefferson street, suite b fairfield, ca, 94533 fairfield 823 jefferson street suite b ca 94533"
"825 brown street napa, ca, 94559 napa 825 brown street ca 94559"
"825 howard street san francisco, ca, 94103 san francisco 825 howard street ca 94103"
"827 joost avenue san francisco, ca, 94127 san francisco 827 joost avenue ca 94127"
"829 san benito street, suite 300 hollister, ca, 95023  hollister 829 san benito street suite 300 ca 95023"
830 3rd st s #105 jacksonville beach fl 32250-6674
"830 3rd st s #105, jacksonville beach, fl 32250, usa"
"832 folsom street san francisco, ca, 94107 san francisco 832 folsom street ca 94107"
8401 weston rd unit 6 woodbridge on l4l 1a6
841 officer vr dscent  upper coomera qld 2644
841 wellington rd #b2  london on n6e 3r5
"850 avenue i san francisco, ca, 94130 san francisco 850 avenue i ca 94130"
8528 davis blvd # 134-115 north richland hills tx 76182-8367
8565 highway 27 unit #5 woodbridge on l4l 1a7
860 country club dr  north palm beach fl 33408
860 lakeside dr.  north palm beach  fl 33408
863 westbourne drive 863 westbourne drive 863 westbourne drive weho ca 90069
"870 market street, suite 718 san francisco, ca, 94102 san francisco 870 market street suite 718 ca 94102"
8725 nw 18th ter ste 106  doral fl
"b""877 main street west jeff's lock and key rainsville al 35986"""
87 marshall street sec 1569 katunga nsw 3814
"885 - 69th street, suite 102 oakland, ca, 94621 oakland 885 69th street suite 102 ca 94621"
"885 moro dr. gilroy, ca, 95020 gilroy 885 moro dr. ca 95020"
899 snow rd n # b mobile al 36608-9705
8 bluettaplace flt 6 thornlie act 2040
8 morgan crescent locn 20100 andergrove  3012
8 morton street flt 16 port hedland act 2099
9009 j m keynes dr 5 ste 5 charlotte nc 28262
"900 coombs street, suite 257 napa, ca, 94559 napa 900 coombs street suite 257 ca 94559"
900 w. 13th s.  riviera beach fl 33404
901 janesville ave po box 901 ft atkinson wi 53538
"9047 soquel drive, suite d aptos, ca, 95003 aptos 9047 soquel drive suite d ca 95003"
"905 e. walnut st. po box 610325 dallas, tx 75261  (bank)  garland tx 75040"
90 frontage roadsuite 110  cheryl hill nj 08034
"910 irwin street san rafael, ca, 94901 san rafael 910 irwin street ca 94901"
"921 westland drive medina, oh 44256-3432 medina oh 44256-3432"
"922 hilby ave seaside, ca, 93955 seaside 922 hilby ave ca 93955"
"929 amador street vallejo, ca, 94590 vallejo 929 amador street ca 94590"
92 la perouse street  kotara south vic 2039
930 bennett place shepparton private hospital perth act 2273
930 bennett place shepparton private hospital perth act 4113
930 bennett place shepparton private hospital perth act 4131
"930 tamalpais avenue san rafael, ca, 94901 san rafael 930 tamalpais avenue ca 94901"
93 s jackson st # 75108 seattle wa 98104-2818
"941 dekalb pike ambler, pa  ambler pa 19002"
"9430 love creek road ben lomond, ca, 95005 ben lomond 9430 love creek road ca 95005"
9457 s university blvd # 252 highlands ranch co 80126-4976
9500 gilman dr 0553 otterson hall s ca la jolla 92093-0001
9503 e. rush st.   south el monte ca 91733
"950 powell street san francisco, ca, 94108 san francisco 950 powell street ca 94108"
95 kent st. west  lindsay
95 kent st w  lindsay on k9v 2n3
"960 caymus street napa, ca, 94559 napa 960 caymus street ca 94559"
97 main st n  markham on l3p 1x7
"988 oak grove road concord, ca, 94518 concord 988 oak grove road ca 94518"
9897 66th st n pinellas park fl 33782-3010
98 maloney street sylbie white suffolk stud pindari north shields qld 0870
"990 eddy street san francisco, ca, 94102 san francisco 990 eddy street ca 94102"
"999 sutter street san francisco, ca, 94109 san francisco 999 sutter street ca 94109"
"99 avenue alhambra #1089 el granada, ca, 94018 el granada 99 avenue alhambra # 1089 ca 94018"
"9 bloom lane half moon bay, ca, 94019 half moon bay 9 bloom lane ca 94019"
acct #469455 file #50129 los angeles ca 90074
acct# 9995613 po 802575 chicago il 60680
att mb 461 po box 404064 atlanta ga 30384
attn:charlotte duran 2905 rodeo park drive east bld 1 santa fe nm 87505
"attn dept # 528, 4th floor 300 east randolph st chicago il 60601"
attn: mcshane 3 fl 45-18 court square long island city ny 11101
bank of america 12199 12199 collection center dr chicago il 60693
bank of america 12199 12199  collection ctr dr. chicago il 60693
bank of america 12199 12199 collection ctr. dr chicago il 60693
bank of america 12199 12199 collection ctr. dr. chicago il 60693
bank of america 12199 12199 collections center chicago il 60693
"bank of america, 6000 feldwood road lockbox #402605 college park ga 30349"
bella vista 21919 ca-299 ca 96008
"belmont, ca, 94002 belmont  ca 94002"
best access system div. dept. ch 14210 palatine il 60055
bin #11 p o box 9201 minneapolis mn 55480
bin 141987 po box 1627 indianapolis in 46206
bin#150003 po box 790322 st. louis mo 63179
box 2806 pob 8500 philadelphia pa 19178
box #2806 po box 8500 philaadelphia pa 19178
box # 2806 p.o. box 8500 philadelphia pa 19178
box # 2806 po box 8500 philadelphia pa 19178
box #2806 p o box 8500 philadelphia pa 19178
box #2806 p.o. box 8500 philadelphia pa 19178
box #2806 po box 8500 philadelphia pa 19178
box 2806 p o box 8500 philadelphia pa 19178
box 2806 po box 8500 philadelphia pa 19178
box #3866 po box 8500 philadelphia pa 19178
"box 93213 chicago, il. chicago il 60673"
"box 96299 chicago, il. chicago il 60693"
"ca, 94115   ca 94115"
c.aguilar-#229484900 p.o. box 659601 san antonio tx 78265
calle 72 #3-19 apt. 301  bogota
"calle 72, #3-19 apt. 301 bogota  0000"
ch 10126  palatine il 60055
chicago lockbox 62456 62456 collections center drive chicago il 60693
church street station po box 6262 new york ny 10249
church street station po box 6793 new york ny 10249
church street station po box 6814 new york ny 10249
client #00046904 po box 841725 dallas tx 75284
client # 40006620 po box 740709 atlanta ga 30374
c/o bank of america 6000 feldwood rd; lockbox #402605 college park ga 30349
consultant radiation phys 2495 state route 118 hunlock creek pa 18621
countermarsh-#000000000286972200 p.o. box 659601 san antonio tx 78265
customer #11-0014099 lock box 238 jamison pa 18929
customer #11-0032004 lock box 238 jamison pa 18929
customer #55-0014489 lock box 427 jamison pa 18929
"customer #55-0029084, lbx 427  jamison pa 18929"
customer #55-0037082 lock box 427 jamison pa 18929
customer# 55-0044943 lock box 427 jamison pa 18929
department 00 10318  palantine il 60055
department 00 10318  palatine il 60055
department #0524 p o box 120524 dallas tx 75312
department #0524 po box  120524 dallas tx 75312
department 0823 po box 120001 dallas tx 75312
department 1222 p o box 2153 birmingham al 35287
department 1480 box 4110 woburn ma 01888
department 1480 po box 4110 woburn ma 01888
department #1614 po box 11407 birmingham al 35246
department 1691 po box 61000 san francisco ca 94160
department 2272 p.o. box 122272 dallas tx 75312
department #269701 po box 67000 detroit mi 48267
department 3256 po box 2153 birmingham al 35282
department 33513 p o box 39000 san francisco ca 94139
department 33513 p.o. box 39000 san francisco ca 94139
department #3519 po box 123519  dallas tx 75312
department 77190 po box 77000 detroit mi 48277
department 9526 po box 30516  lansing mi 48909
department 9526 po box 30516 lansing mi 48909
department ch 14400  palatine il 60055
dep ch 14400 acct#-0001005577 palatine il 60055
dept 01611 po box 39000  san francisco ca 94139
dept 0166 pob 120166  dallas tx 75312
dept 0166 p o box 120166 dallas tx 75312
dept 0166 p.o. box 120166 dallas tx 75312
dept. 0166 p.o. box 120166 dallas tx 75312
dept 0328 p o box 120328 dallas tx 75312
dept# 0499 p o box 850001 orlando fl 32885
dept 0587 pob 120587 dallas tx 75312
dept 0587 p o box 120587 dallas tx 75312
dept 0587 p.o. box 120587 dallas tx 75312
dept 0587 p.o.box 120587 dallas tx 75312
dept 0587 p o box 120587 dallas tx 75312587
dept. 0669 p o box 120001 dallas tx 75312
dept # 10309 p.o. box 87618 chicago il 60680
dept 10309 po box 87618 chicago il 60680
dept 1080 p o box 121080 dallas tx 75312
dept 1102 p.o. box 121102 dallas tx 75312
dept 2297 p o box 122297 dallas tx 75312
dept 2346 p o box 122346 dallas tx 75312
dept 2366 p o box 122366  dallas tx 75312
dept 2366 p o box 122366 dallas tx 75312
dept 23729 lk box 790100  st louis mo 63179
dept 2474 p o box 122474 dallas tx 75312
dept 2474 p.o. box 122474 dallas tx 75312
dept. 2474 p.o. box 122474 dallas tx 75312
dept # 269701 p.o. box 67000 detroit mi 48267
dept 269701 po box 67000 detroit mi 48267
dept 30525 p o box 790126 st louis mo 63179
dept 30525 po box 790126 st  louis mo 63179
dept. 3234 (lockbox) po box 123234 dallas tx 75312
dept 3234 p o box 123234 dallas tx 75312
dept 3234 p.o. box 123234 dallas tx 75312
dept. 3234 p.o. box 123234 dallas tx 75312
dept 3256 p o box 2153 birmingham al 35282
dept 33039 p o box 39000 san francisco ca 94139
dept 33513 p o box 39000 san francisco ca 94139
dept 33513 po box 39000 san francisco ca 94139
dept 33611 p o box 39000 san francisco ca 94139
dept 33629 po box 39000 attn. a/r san francisco ca 94139
dept 33629 po box 39000  san francisco ca 94139
dept 33629 po box 39000 san francisco ca 94139
dept 33701 po box 39000 san francisco ca 94139
dept 33768 p.o. box 39000 san francisco ca 94139
dept 33768 po box 39000 san francisco ca 94139
dept. 33768 po box 39000 san francisco ca 94139
"dept 34179 po box 39000 san francisco, ca 94139"
dept # 34179 p.o. box 39000 san francisco ca 94139
dept #34179 po box 39000 san francisco ca 94139
dept 34179 po box 39000 san francisco ca 94139
dept 34671 po box 39000  san francisco ca 94139
dept 430 p.o. box 8500-3330 philadelphia pa 19178
dept. 430 p.o. box 8500-3330 philadelphia pa 19178
dept 430 p.o. bxox 8500-3330 philidelphia pa 19178
dept 528 4th floor 300 east randolph st chicago il 60601
dept 541 p o box 4869 houston tx 77210
dept 6054 p o box 30516 lansing mi 48909
dept 77045 p o box 77000 detroit mi 48277
dept 77045 po box 77000 detroit mi 48277
dept. 77045 po box 77000 detroit mi 48277
dept 77386 po box 77000 detroit mi 48277
dept 781115 po box 78000 detroit mi 48278
dept 781363 po box  78000 detroit mi 48278
dept 781378 po box 78000 detroit mi 48278
dept. 781378 p. o. box 78000 detroit mi 48278
dept 781668 po box 78000 detroit mi 48278
dept 800129488 po box 419267 kansas city mo 64141
dept. 809675382 po box 419267 kansas city mo 64141
dept 814440178 po box 419267 kansas mo 64141
dept 831262639 p o box 419267 kansas city mo 64141
dept 839688553 p o box 419267 kansas city mo 64141
dept. 842024788 po box 419267 kansas city mo 64141
dept 863499174 po box 419267 kansas city mo 64141
dept. 863499174 p o box 419267 kansas city mo 64141
dept 864489521 po box 419267 kansas city mo 64141
dept 892005 po box 122005 dallas tx 75312
dept 892383 po box 122383 dallas tx 75312
dept 892393 p.o. box 122383 dallas tx 75312
"dept 96 0430, 3545 nw 58th, ste 450  oklahoma city ok 73196"
deptartment 9526 po box 30516 lancing mi 48909
deptartment 9526 p o box 30516 lansing mi 48909
dept at 40065  atlanta ga 31192
dept at 40082  atlanta ga 31192
"dept. at 40327 atlanta, atlanta ga 31192"
dept at 40327  atlanta ga 31192
dept at 49979  atlanta ga 31192
dept. at 952823  atlanta ga 31192
dept. at 952823 atlanta ga 31192
dept ch 10157  palatine il 60055
dept ch 10164  palatine il 60055
dept ch 10164 palatine il 60055
dept. ch 10164  palatine il 60055
dept ch 10241  palatine il 60055
dept ch 10241 palatine il 60055
dept ch 10241  palatine in 60055
dept ch 10320  palatine il 60055
dept ch 10320 palatine il 60055
dept. ch 10320  palatine il 60055
dept ch 10504 palantine il 60055
dept ch 10504  palatine il 60055
dept ch 10651  palatine il 60055
dept ch 10651 palatine il 60055
dept ch 10660  palatine il 60055
dept ch 10660  palatine il 60055660
dept ch 10664  palatine il 60055
dept ch 10682   palatine il 60055-0682
dept ch 10753 lock box 10753 palatine il 60055
dept ch 10753 lockbox # 10753 palatine il 60055
dept ch 10753 lockbox 10753 palatine il 60055
dept ch 14075  palatine il 60055
dept ch 14083  palatine il 60055
dept. ch 14083  palatine il 60055
dept ch 14104  palatine il 60055
dept ch 14125  palatine il 60055
dept ch 14195  palatine il 60055
dept ch 14195 palatine il 60055
dept ch 14202  palatine il 60055
dept ch 14210  palatine il 60055
dept ch 14388  palatine il 60055
dept ch 14400  palatine il 60055
dept ch 14400 palatine il 60055
dept. ch 14400  palatine il 60055
dept ch 16350  palatine il 60055
dept ch 16577  palatine il 60055
dept ch 16850  palatine il 60055
dept ch 16859  palatine il 60055
dept ch 16859 palatine il 60055
dept. ch 16859  palatine il 60055
dept ch 16859  palestine il 60055
dept ch 16872  palatine il 60055
dept ch 16872 palatine il 60055
dept ch 16886  palatine il 60055
dept ch 16897  palatine il 60055
"dept ch 16926  palatine, il 60055"
dept ch 16926  palatine il 60055
dept ch 16926  palestine il 60055
dept ch 16932  palatine il 60055
dept ch 16977  palatine il 60055
dept ch 16977 palatine il 60055
dept ch 16992  palantine il 60055
dept ch 16992 palatine il 60055
dept ch 17114  palatine il 60055
dept ch 17195 palatine il 60055
dept ch 17379  palatine il 60055
dept ch 17445  palatine il 60055
dept ch 17589  palatine il 60055
dept ch 17659  palantine il 60055
dept ch 17795  palatine il 60055
dept. ch 17795  palatine il 60055
dept ch 17924  palatine il 60055
dept ch 17955  palatine il 60055
dept ch 19024  palatine il 60055
dept. ch 19024  palatine il 60055
dept. ch 19044  palatine il 60055
dept ch 19188  palatine il 60055
dept ch 19188 palatine il 60055
dept. ch 19188  palatine il 60055
dept ch 19286  palatine il 60055
dept. ch 19286  palatine il 60055
dept ch 19348  palatine il 60055
dept. ch 19348  palatine il 60055
dept ch 19447  palatine il 60055
dept ch 19705  palatine il 60055
dept ga 000409 po box 530100 atlanta ga 30353
dept la 21458  pasadena ca 91185
dept. la 21558  pasadena ca 91185
dept la 21702  pasadena ca 91185
dept. la 21702  pasadena ca 91185
dept la 22141  pasadena ca 91185
dept la 22289  pasadena ca 91185
dept la 22552  pasadena ca 91185
dept. la 22552  pasedena ca 91185
dept. la 22988  pasadena ca 91185
dept la 23793  pasadena ca 91185
dept la 24110  pasadena ca 91185
"dept pn-12 1500 south hicks rd, suite 400 rolling meadows il 60008"
dpt ch 19447  palatine il 60055
drawer # 1256 po box 5935 troy mi 48007
drawer #1256 po box 5935 troy mi 48007
drawer 1256 po box 5935 troy mi 48007
"drawer #1725, po box 5935  troy mi 48007"
drawer #1725 p.o. box 5935 troy mi 48007
drawer #1725 po box 5935 troy mi 48007
drawer 368 po box 11407 birmingham al 35246
drawer cs 198422  atlanta ga 30384
"file #30005,p o box 60000  san francisco ca 94160"
file 30538 p.o. box 60000 san francisco ca 94160
file 30580 po box 60000 san francisco ca 94160
file 73484 p  o box 60000 san francisco ca 94160
file 73484 po box 60000 san francisco ca 94160
file 73484 po box 60000 san fransico ca 94160
file 74115 po box 60000 san francisco ca 94160
file 74155 po box 60000  san francisco ca 94160
file 74155 po box 60000 san francisco ca 94160
file no 32373  los angeles ca 90074
file no 53514  los angeles ca 90074
file no 53514 los angeles ca 90074
file no. 53514  los angeles ca 90074
file no. 53514 los angeles ca 90074
file no. 53514   los angeles ca 90074-3514
file no 53523  los angeles ca 90074
fm 170 box 77 candelaria  marfa tx 79843
"fort mason center, building c san francisco, ca, 94123 building c san francisco fort mason center ca 94123"
"glen osmond, p.o. box 188  adelaide south aust 5064"
heather r. peters - kba #90688 815 w. market st. ste 500 louisville ky 40202
huntsman bldg 201 sidney ne 69162
hwy 26 3 blks s of on s morril rd morrill ne 69358
**inactive**3700 nw 12th st 1000 w commecet lincoln ne 68521
indio 82124 ca-111 ca 92201
"kaiser permanente: child health plan, p.o.box 12904 oakland, ca, 94604 oakland kaiser permanente: child health plan p.o.box 12904 ca 94604"
lake elsinore 16840 glenetta way ca 92530-1417
lancaster 2010 w ave k ste 545 ca 93536-5229
l. ann fryrear-kba #85406 801 west jefferson st. louisville ky 40202
"leamington spa, 86 warwick street\n1st floor  warwickshire  4qg cv32"
"lisa moon, ar dept ch 19348 palatine il 60055"
lock box 1007 po box 4829 houston tx 77210
lockbox #1007 po box 4829 houston tx 77210
lockbox 1007 po box 4829 houston tx 77210
lock box 10   pob 406663  atlanta ga 30384
lock box 10 p o box 406663 atlanta ga 30384
lock box 10 po box 406663 atlanta ga 30384
lock box 11 file # 74115 p.o. box 60000 san francisco ca 94160
lock box 11 file #74115 po box 6000 san francisco ca 94160
lockbox 11 file #74115 po box 6000 sanfrancisco ca 94160
lockbox 1997 po box 8500-1997 philadelphia pa 19178
lock box 4987 po box 8500 philadelphia pa 19178
lockbox # 4987 po box 8500 philadelphia pa 19178
lockbox #4987 po box 8500 philadelphia pa 19178
lockbox 4987 po box 8500 philadelphia pa 19178
lockbox 5155 po box 8500 philadelphia pa 19178
lockbox 6028 po box 7247 philadelphia pa 19170
lockbox 62750 62750 collection center dr chicago il 60693
lockbox 62750 62750 collection center drive chicago il 60693
lockbox 7096 po box 16478 st paul mn 55116
lockbox 7784 p o box 7247 philadelphia pa 19170
lockbox 83689 dal po box 83689 chicago il 60696
lockbox 9351 po box 8500 philadelphia pa 19178
mail code 5021 p o box 660367 dallas tx 75266
mail code 5021 po box 660367 dallas tx 75266
mail code 5095 po box 660367  dallas tx 75266
mail code 55083 p.o. box 105046 atlanta ga 30348
mail code 5508 p o box 105046 atlanta ga 30348
mail code 5508 po box 105046 atlanta ga 30348
mail code 5583 po box 105046 atlanta ga 30348
maile code 5508 po box 105046 atlanta ga 30348
mellon bank lockbox 360172 500 ross st. spc 154-0455 pittsburgh pa 15262
mission viejo 26486 verdugo ca 92692-4147
msc 30036 po box 415000 nashville tn 37241
msc 30316 p.o. box 415000 nashville tn 37241
msc 30316 po box 415000 nashville tn 37241
msc 30425 po box 415000 nashville tn 37241
msc 41083362 po box 415000 nashville tn 37241
msc 410833 p o box 415000 nashville tn 37241
msc 410833 p.o. box 415000 nashville tn 37241
msc 410833 po box 415000 nashville tn 37241
msc 410834 p o box 415000 nashville tn 37241
msc 410837 po box 415000 nashville tn 37241
"b""no official address, work from home (my lawyer's address is in co sos database) http://www.sos.state.co.us/biz/businessentitydetail.do?quitbuttondestination=businessentityresults&nametyp=ent&entityid2=20161346035&srchtyp=entity&fileid=20161346035&masterfileid=20161346035"""
n w 5193 p o box 1450 minneapolis mn 55485
nw 7882 p o boz 1450 minneapolis mn 55485
oba#20591 po box 950391 oklahoma city ok 73195
one south wacker dr ste 1200 mc f646 chicago il 60606
"ou health sciences center p.o box 26901, scb 223 oklahoma city ok 73126"
payment processing ctr dept ch 10490 palatine il 60055
"philip palmer, md 12605 lapis lane oklahoma city ok 73170"
piazza galimberti 11 cuneo   cn 12100 italy os italy
"pob 79001 detroit,   48579"
p o box 1000 dept 272  memphis tn 38148
po box 1000 dept 481  memphis tn 38148
po box 1000 dept 481 memphis tn 38148
p o box 1000 dept 521  memphis tn 38148
p o box 1000 dept 521 memphis tn 38148
po box 1000 dept 521 memphis tn 38148
po box 1000 dept 543  memphis tn 38148
pob ox 10066 augusta ga 30999
"p.o. box 1033 naples, me 04055 naples me 4055"
"po box 12000, ms 5-230 vallejo, ca, 94590"
"po box 1213, dept 975  newark nj 07101"
p.o. box 1213 dept 975  newark nj 07101
p.o. box 1213 dept. 975 newark nj 07101
po box 1213 dept 975 newark nj 07101
"p o box 1308 buffalo, new york orchard park ny 14127"
"po box 1468 sacramento, ca, 95812 sacramento po box 1468 ca 95812"
po box 2303 department 130 indianapolis in 46206
"po box 247168 columbus, oh, 43224 columbus po box 247168 oh 43224"
"po box 2969, san anselmo, ca, 94979 san anselmo po box 2969 ca 94979"
po box 31  cleavland  87741
"po box 321 benicia, ca, 94510 benicia po box 321 ca 94510"
po box 33701 dept 33701 sn francisco ca 94139
po box 366 mi recoveries mc605c detroit mi 48231
"p.o. box 382002 pittsburgh, pa. pittsburgh pa 15250"
po box 39000 dept 33611 san francisco ca 94139
p o box 3944 1417 pendleton rd 30904 augusta ga 30914
p.o. box 41601 ref no. 000000000130323 philadelphia pa 19101
p o box 419267 dept 472 - 806009965 kansas city mo 64141
po box 419267 dept 696 - 809675382 kansas city mo 64141
po box 4356 dept 611  houston tx 77210
po box 4356 dept 611 houston tx 77210
po box 4869 dept 145 houston tx 77210
po box 4869 dept 541 houston tx 77210
"p.o. box 513406 los angeles, ca. los angeles ca 90051"
"p.o.box 5258 san leandro, ca.945     1 san leandro  ca 945  1 77061"
"p.o. box 5455 carson, ca. carson ca 90749"
po box 5940 lock box 20-coe-001 carol stream il 60197
po box 5940  lockbox#20-coe-00 lock box  #20-coe 001 carol stream il 60197
po box 60000 file 30580 san francisco ca 94160
po box 60000 file 30692 san francisco ca 74160
po box 60000 file 73484  san francisco ca 94160
po box 6000 file 30580 san francisco ca 94160
"p.o. box 640169 pittsburgh, pa. pittsburgh pa 15264"
"p.o.box 6539 la quinta, ca 92248 la quinta ca 92248"
p.o. box 660367 mail code 5021 dallas tx 75266
"p.o. box 71947 chicago, il. chicago il 60694"
"p.o. box 7405 pasadena, ca. pasadena ca 91109"
"p.o. box 751331 charlotte, nc. charlotte nc 28275"
"p.o. box 75767 charlotte, nc. charlotte nc 28275"
po box 757880 office of grants & contracts  fairbanks ak 99775-7880
p.o. box 78000 dept. 781156 detroit mi 48278
p o box 786  ranchos de taos nm 87557
po box 790322 bin 150003 st louis mo 63179
"p.o. box 79502 baltimore, md. baltimore md 21279"
"p.o. box 824 greenville, pa. greenville pa 16125"
p o box 830956 drawer 1018 birmingham al 35283
p.o. box 850001 box #0123 orlando fl 32885
po box 850001 box 0123 orlando fl 32885
p.o. box 8500 lockbox 4987 philadelphia pa 19178
po box 8500 lock box 5155 philadelphia pa 19178
p o box 902 attn. lock box teller south bend in 46634
"p.o. box 9633 newport beach, ca 92658 newport beach ca 92658"
"p.o. box 96561 washington, dc. washington dc 20090"
"po box 997310, b27j sacramento, ca, 95899 sacramento po box 997310, b27j ca 95899"
portofino n 507 2600 n flagler dr west palm beach fl 33407
rancho mirage 70225 ca-111 ca 92270
rd 177 #1497 santiago iglesias  san juan pr 00921
re:acct#056 552-9329 001 p.o. box 105068 atlanta ga 30348
re: acct# 50016 p.o. box 972651 dallas tx 75397
ref 000000000224007 p o box 41601 phila pa 19101
ref # 24434684 po box 41601 phila pa 19101
ref #24553053 po box 41601 philadelphia pa 19101
ref no. 000000000491006 po box 41601 philadelphia pa 19101
ref no 000000000590261 po box 41602 philadelphia pa 19101
ref no. 24385309 po box 41602 philadelphia pa 19101
"research administration and finance 110 8th street, west hall, room 311  troy ny 12180"
"roane barker,inc dept at 40430 atlanta ga 31192"
rr #1 box 103 a  rio il 61472
rr # 1 box 1817 pittsfield il 62363
rr #1 box 18 media il 61460
rr #1 box 242  granville il 61326
"rr # 1, box 257 b  wayne city il 62895"
rr #1 box 292  woodlawn il 62898
"rr#1, box 375  las vegas nm 87701"
rr #1 box 54  loami il 62661
"rr # 1, box 73  rushville il 62681"
rr #1 box 8  mill shoals il 62862
rr #1 po box 406 grayville il 62844
rr #2 box 16  west york il 62478
rr #2 box 170  jacksonville il 62650
rr #2 box 191  vandalia il 62471
rr #2 box 242 lincoln il 62656
rr #2 box 258  rushville il 62681
rr # 2 box 484  mcleansboro il 62859
rr #2 box 511  bloomington il 61704
rr #3   box 137  duquoin il 62832
rr # 3 box 212  mcleansboro il 62859
rr #3 box 273 sullivan il 61951
rr #3 box 318  casey il 62420
rr# 4 box 42 d  duquoin il 62832
rr #8 box 341- a  decatur il 62522
rt 150 p o box 378  west sand lake ny 12196
"rt. 17, rockport po box 22 west rockport me 4865"
rt #1 box 254  greenfield il 62044
rt # 5 box 214  mcleansboro il 62859
rural route 1   box 1  louisville il 62858
san diego 12916 via caballo rojo ca 92129-3040
"san francisco, ca, 94120 san francisco  ca 94120"
see u751 suite 321 chattanooga tn 37421
solutions usa inc dept ch 19188 palatine il 60055
"soquel, ca, 95073 soquel  ca 95073"
"suite 4, 5733 east thomas road scottsdale, az 85251 scottsdale az 85251"
"suite 6a, 75-6082 alii drive kailua kona, hi 96740 kailua kona hi 96740"
"b""tag's flowers & gifts llc 204 gault ave. n. fort payne al 35968"""
unit 11 575 b alder ave  100 mile bc v0k2z0
"u.s. 27, 6 mi s of south bay  south bay fl 33493"
"usa, inc dept. ch 19188 palatine il 60055"
usa inc dept ch 19188 palatine il 60055
usa inc dept la 22988 pasadena ca 91185
vb box 116 pob 9202  minneapolis mn 55480
vb box 116 - po box 9202  minneapolis mn 55480
vb box 116 po box 9202 minneapolis mn 55480
vb box 116- po box 9202  minneapolis mn 55480
vb box 119 po box 9202 minneapolis mn 55480
vb box 134 p o box 9202  minneapolis mn 55480
"wrs tn tower, 10th floor 312 rosa l. parks avenue nashville tn 37243"
wrs tn tower 10th floor 312 rosa l parks avenue nashville tn 37243
